[    0.000000] Booting Linux on physical CPU 0x0000000000 [0x412fd050]
[    0.000000] Linux version 6.12.49-gdf24f9428e38 (kyle@skippy) (aarch64-linux-gnu-gcc (Ubuntu 11.4.0-1ubuntu1~22.04.3) 11.4.0, GNU ld (GNU Binutils for Ubuntu) 2.38) #5 SMP PREEMPT Fri Jul  3 19:44:04 CDT 2026
[    0.000000] KASLR disabled due to lack of seed
[    0.000000] Machine model: NXP i.MX95 19X19 board
[    0.000000] efi: UEFI not found.
[    0.000000] Reserved memory: created CMA memory pool at 0x00000000c3000000, size 960 MiB
[    0.000000] OF: reserved mem: initialized node linux,cma, compatible id shared-dma-pool
[    0.000000] OF: reserved mem: 0x00000000c3000000..0x00000000feffffff (983040 KiB) map reusable linux,cma
[    0.000000] OF: reserved mem: 0x00000000a0000000..0x00000000a00fffff (1024 KiB) nomap non-reusable vpu_boot@a0000000
[    0.000000] OF: reserved mem: 0x00000000a0100000..0x00000000a10fffff (16384 KiB) nomap non-reusable mali_protected
[    0.000000] OF: reserved mem: 0x0000000088000000..0x0000000088007fff (32 KiB) nomap non-reusable vdev0vring0@88000000
[    0.000000] OF: reserved mem: 0x0000000088008000..0x000000008800ffff (32 KiB) nomap non-reusable vdev0vring1@88008000
[    0.000000] OF: reserved mem: 0x0000000088010000..0x0000000088017fff (32 KiB) nomap non-reusable vdev1vring0@88010000
[    0.000000] OF: reserved mem: 0x0000000088018000..0x000000008801ffff (32 KiB) nomap non-reusable vdev1vring1@88018000
[    0.000000] OF: reserved mem: 0x0000000088220000..0x0000000088220fff (4 KiB) nomap non-reusable rsc-table@88220000
[    0.000000] Reserved memory: created DMA memory pool at 0x0000000088020000, size 1 MiB
[    0.000000] OF: reserved mem: initialized node vdevbuffer@88020000, compatible id shared-dma-pool
[    0.000000] OF: reserved mem: 0x0000000088020000..0x000000008811ffff (1024 KiB) nomap non-reusable vdevbuffer@88020000
[    0.000000] NUMA: Faking a node at [mem 0x0000000080000000-0x00000000ffffffff]
[    0.000000] NODE_DATA(0) allocated [mem 0xffb96fc0-0xffb999ff]
[    0.000000] Zone ranges:
[    0.000000]   DMA      [mem 0x0000000080000000-0x00000000ffffffff]
[    0.000000]   DMA32    empty
[    0.000000]   Normal   empty
[    0.000000] Movable zone start for each node
[    0.000000] Early memory node ranges
[    0.000000]   node   0: [mem 0x0000000080000000-0x0000000087ffffff]
[    0.000000]   node   0: [mem 0x0000000088000000-0x000000008811ffff]
[    0.000000]   node   0: [mem 0x0000000088120000-0x000000008821ffff]
[    0.000000]   node   0: [mem 0x0000000088220000-0x0000000088220fff]
[    0.000000]   node   0: [mem 0x0000000088221000-0x000000009fffffff]
[    0.000000]   node   0: [mem 0x00000000a0000000-0x00000000a10fffff]
[    0.000000]   node   0: [mem 0x00000000a1100000-0x00000000ffffffff]
[    0.000000] Initmem setup node 0 [mem 0x0000000080000000-0x00000000ffffffff]
[    0.000000] psci: probing for conduit method from DT.
[    0.000000] psci: PSCIv1.1 detected in firmware.
[    0.000000] psci: Using standard PSCI v0.2 function IDs
[    0.000000] psci: Trusted OS migration not required
[    0.000000] psci: SMC Calling Convention v1.0
[    0.000000] percpu: Embedded 23 pages/cpu s54296 r8192 d31720 u94208
[    0.000000] Detected VIPT I-cache on CPU0
[    0.000000] CPU features: detected: GIC system register CPU interface
[    0.000000] CPU features: detected: Virtualization Host Extensions
[    0.000000] CPU features: detected: ARM errata 1165522, 1319367, or 1530923
[    0.000000] alternatives: applying boot alternatives
[    0.000000] Kernel command line: console=ttyLP0,115200 cpuidle.off=1 rdinit=/init
[    0.000000] Dentry cache hash table entries: 131072 (order: 8, 1048576 bytes, linear)
[    0.000000] Inode-cache hash table entries: 65536 (order: 7, 524288 bytes, linear)
[    0.000000] Fallback order for Node 0: 0 
[    0.000000] Built 1 zonelists, mobility grouping on.  Total pages: 524288
[    0.000000] Policy zone: DMA
[    0.000000] mem auto-init: stack:off, heap alloc:off, heap free:off
[    0.000000] software IO TLB: SWIOTLB bounce buffer size adjusted to 2MB
[    0.000000] software IO TLB: area num 8.
[    0.000000] software IO TLB: mapped [mem 0x00000000ff776000-0x00000000ff976000] (2MB)
[    0.000000] SLUB: HWalign=64, Order=0-3, MinObjects=0, CPUs=6, Nodes=1
[    0.000000] rcu: Preemptible hierarchical RCU implementation.
[    0.000000] rcu: 	RCU event tracing is enabled.
[    0.000000] rcu: 	RCU restricting CPUs from NR_CPUS=512 to nr_cpu_ids=6.
[    0.000000] 	Trampoline variant of Tasks RCU enabled.
[    0.000000] 	Tracing variant of Tasks RCU enabled.
[    0.000000] rcu: RCU calculated value of scheduler-enlistment delay is 25 jiffies.
[    0.000000] rcu: Adjusting geometry for rcu_fanout_leaf=16, nr_cpu_ids=6
[    0.000000] RCU Tasks: Setting shift to 3 and lim to 1 rcu_task_cb_adjust=1 rcu_task_cpu_ids=6.
[    0.000000] RCU Tasks Trace: Setting shift to 3 and lim to 1 rcu_task_cb_adjust=1 rcu_task_cpu_ids=6.
[    0.000000] NR_IRQS: 64, nr_irqs: 64, preallocated irqs: 0
[    0.000000] GIC: enabling workaround for GICv3: non-coherent attribute
[    0.000000] GICv3: GIC: Using split EOI/Deactivate mode
[    0.000000] GICv3: 320 SPIs implemented
[    0.000000] GICv3: 0 Extended SPIs implemented
[    0.000000] Root IRQ handler: gic_handle_irq
[    0.000000] GICv3: GICv3 features: 16 PPIs
[    0.000000] GICv3: GICD_CTRL.DS=1, SCR_EL3.FIQ=0
[    0.000000] GICv3: CPU0: found redistributor 0 region 0:0x0000000048060000
[    0.000000] ITS [mem 0x48040000-0x4805ffff]
[    0.000000] GIC: enabling workaround for ITS: non-coherent attribute
[    0.000000] ITS@0x0000000048040000: allocated 8192 Devices @84060000 (indirect, esz 8, psz 64K, shr 0)
[    0.000000] ITS@0x0000000048040000: allocated 8192 Interrupt Collections @84070000 (flat, esz 8, psz 64K, shr 0)
[    0.000000] ITS: using cache flushing for cmd queue
[    0.000000] GICv3: using LPI property table @0x0000000084080000
[    0.000000] GIC: using cache flushing for LPI property table
[    0.000000] GICv3: CPU0: using allocated LPI pending table @0x0000000084090000
[    0.000000] rcu: srcu_init: Setting srcu_struct sizes based on contention.
[    0.000000] arch_timer: cp15 timer(s) running at 24.00MHz (phys).
[    0.000000] clocksource: arch_sys_counter: mask: 0xffffffffffffff max_cycles: 0x588fe9dc0, max_idle_ns: 440795202592 ns
[    0.000053] sched_clock: 56 bits at 24MHz, resolution 41ns, wraps every 4398046511097ns
[    0.012075] Console: colour dummy device 80x25
[    0.015232] Calibrating delay loop (skipped), value calculated using timer frequency.. 48.00 BogoMIPS (lpj=96000)
[    0.015338] pid_max: default: 32768 minimum: 301
[    0.016668] LSM: initializing lsm=capability
[    0.019525] Mount-cache hash table entries: 2048 (order: 2, 16384 bytes, linear)
[    0.019559] Mountpoint-cache hash table entries: 2048 (order: 2, 16384 bytes, linear)
[    0.058288] rcu: Hierarchical SRCU implementation.
[    0.058323] rcu: 	Max phase no-delay instances is 1000.
[    0.059521] Timer migration: 1 hierarchy levels; 8 children per group; 1 crossnode level
[    0.062604] EFI services will not be available.
[    0.063890] smp: Bringing up secondary CPUs ...
[    0.067226] Detected VIPT I-cache on CPU1
[    0.068109] GICv3: CPU1: found redistributor 100 region 0:0x0000000048080000
[    0.068332] GICv3: CPU1: using allocated LPI pending table @0x00000000840a0000
[    0.068798] CPU1: Booted secondary processor 0x0000000100 [0x412fd050]
[    0.074981] Detected VIPT I-cache on CPU2
[    0.075157] GICv3: CPU2: found redistributor 200 region 0:0x00000000480a0000
[    0.075631] GICv3: CPU2: using allocated LPI pending table @0x00000000840b0000
[    0.076103] CPU2: Booted secondary processor 0x0000000200 [0x412fd050]
[    0.077407] Detected VIPT I-cache on CPU3
[    0.077573] GICv3: CPU3: found redistributor 300 region 0:0x00000000480c0000
[    0.077744] GICv3: CPU3: using allocated LPI pending table @0x00000000840c0000
[    0.078322] CPU3: Booted secondary processor 0x0000000300 [0x412fd050]
[    0.080070] Detected VIPT I-cache on CPU4
[    0.080232] GICv3: CPU4: found redistributor 400 region 0:0x00000000480e0000
[    0.080399] GICv3: CPU4: using allocated LPI pending table @0x00000000840d0000
[    0.081094] CPU4: Booted secondary processor 0x0000000400 [0x412fd050]
[    0.082637] Detected VIPT I-cache on CPU5
[    0.082761] GICv3: CPU5: found redistributor 500 region 0:0x0000000048100000
[    0.082883] GICv3: CPU5: using allocated LPI pending table @0x00000000840e0000
[    0.083477] CPU5: Booted secondary processor 0x0000000500 [0x412fd050]
[    0.083830] smp: Brought up 1 node, 6 CPUs
[    0.083854] SMP: Total of 6 processors activated.
[    0.083871] CPU: All CPU(s) started at EL2
[    0.083915] CPU features: detected: 32-bit EL0 Support
[    0.083936] CPU features: detected: Data cache clean to the PoU not required for I/D coherence
[    0.083965] CPU features: detected: Common not Private translations
[    0.083968] CPU features: detected: CRC32 instructions
[    0.084034] CPU features: detected: RCpc load-acquire (LDAPR)
[    0.084057] CPU features: detected: LSE atomic instructions
[    0.084062] CPU features: detected: Privileged Access Never
[    0.084064] CPU features: detected: RAS Extension Support
[    0.084078] CPU features: detected: Speculative Store Bypassing Safe (SSBS)
[    0.092091] alternatives: applying system-wide alternatives
[    0.112399] Memory: 1010880K/2097152K available (21440K kernel code, 1628K rwdata, 8024K rodata, 4096K init, 745K bss, 97612K reserved, 983040K cma-reserved)
[    0.136463] devtmpfs: initialized
[    0.159848] clocksource: jiffies: mask: 0xffffffff max_cycles: 0xffffffff, max_idle_ns: 7645041785100000 ns
[    0.160302] futex hash table entries: 2048 (order: 5, 131072 bytes, linear)
[    0.181874] 23744 pages in range for non-PLT usage
[    0.181931] 515264 pages in range for PLT usage
[    0.185193] pinctrl core: initialized pinctrl subsystem
[    0.195301] DMI not present or invalid.
[    0.222991] NET: Registered PF_NETLINK/PF_ROUTE protocol family
[    0.234195] DMA: preallocated 256 KiB GFP_KERNEL pool for atomic allocations
[    0.235361] DMA: preallocated 256 KiB GFP_KERNEL|GFP_DMA pool for atomic allocations
[    0.236438] DMA: preallocated 256 KiB GFP_KERNEL|GFP_DMA32 pool for atomic allocations
[    0.236743] audit: initializing netlink subsys (disabled)
[    0.239052] audit: type=2000 audit(0.224:1): state=initialized audit_enabled=0 res=1
[    0.242124] thermal_sys: Registered thermal governor 'step_wise'
[    0.242148] thermal_sys: Registered thermal governor 'power_allocator'
[    0.243534] hw-breakpoint: found 6 breakpoint and 4 watchpoint registers.
[    0.244432] ASID allocator initialised with 65536 entries
[    0.246020] Serial: AMBA PL011 UART driver
[    0.246588] imx mu driver is registered.
[    0.246636] imx rpmsg driver is registered.
[    0.265732] /soc/bus@42000000/i2c@426d0000/tcpc@50: Fixed dependency cycle(s) with /soc/usb@4c010010/usb@4c100000
[    0.265844] /soc/bus@42000000/i2c@426d0000/tcpc@50/connector: Fixed dependency cycle(s) with /soc/phy@4c1f0040
[    0.266152] /soc/phy@4c1f0040: Fixed dependency cycle(s) with /soc/bus@42000000/i2c@426d0000/tcpc@50/connector
[    0.266204] /soc/usb@4c010010/usb@4c100000: Fixed dependency cycle(s) with /soc/bus@42000000/i2c@426d0000/tcpc@50
[    0.267878] /soc/bus@42000000/i2c@426d0000/tcpc@50: Fixed dependency cycle(s) with /soc/usb@4c010010/usb@4c100000
[    0.267924] /soc/bus@42000000/i2c@426d0000/tcpc@50/connector: Fixed dependency cycle(s) with /soc/phy@4c1f0040
[    0.271478] /soc/bus@42000000/i2c@426d0000/tcpc@50: Fixed dependency cycle(s) with /soc/usb@4c010010/usb@4c100000
[    0.271524] /soc/bus@42000000/i2c@426d0000/tcpc@50/connector: Fixed dependency cycle(s) with /soc/phy@4c1f0040
[    0.287437] /soc/bus@42000000/i2c@426d0000/tcpc@50/connector: Fixed dependency cycle(s) with /soc/phy@4c1f0040
[    0.287563] /soc/phy@4c1f0040: Fixed dependency cycle(s) with /soc/bus@42000000/i2c@426d0000/tcpc@50/connector
[    0.287798] /soc/usb@4c010010/usb@4c100000: Fixed dependency cycle(s) with /soc/bus@42000000/i2c@426d0000/tcpc@50
[    0.304093] HugeTLB: registered 1.00 GiB page size, pre-allocated 0 pages
[    0.304124] HugeTLB: 0 KiB vmemmap can be freed for a 1.00 GiB page
[    0.304140] HugeTLB: registered 32.0 MiB page size, pre-allocated 0 pages
[    0.304144] HugeTLB: 0 KiB vmemmap can be freed for a 32.0 MiB page
[    0.304148] HugeTLB: registered 2.00 MiB page size, pre-allocated 0 pages
[    0.304152] HugeTLB: 0 KiB vmemmap can be freed for a 2.00 MiB page
[    0.304156] HugeTLB: registered 64.0 KiB page size, pre-allocated 0 pages
[    0.304159] HugeTLB: 0 KiB vmemmap can be freed for a 64.0 KiB page
[    0.320472] ACPI: Interpreter disabled.
[    0.323009] iommu: Default domain type: Translated
[    0.323037] iommu: DMA domain TLB invalidation policy: strict mode
[    0.329397] SCSI subsystem initialized
[    0.331704] usbcore: registered new interface driver usbfs
[    0.331974] usbcore: registered new interface driver hub
[    0.332119] usbcore: registered new device driver usb
[    0.333708] mc: Linux media interface: v0.10
[    0.333799] videodev: Linux video capture interface: v2.00
[    0.334163] pps_core: LinuxPPS API ver. 1 registered
[    0.334175] pps_core: Software ver. 5.3.6 - Copyright 2005-2007 Rodolfo Giometti <giometti@linux.it>
[    0.334227] PTP clock support registered
[    0.334414] EDAC MC: Ver: 3.0.0
[    0.335582] scmi_core: SCMI protocol bus registered
[    0.336999] FPGA manager framework
[    0.337513] Advanced Linux Sound Architecture Driver Initialized.
[    0.346421] Bluetooth: Core ver 2.22
[    0.346758] NET: Registered PF_BLUETOOTH protocol family
[    0.346772] Bluetooth: HCI device and connection manager initialized
[    0.346895] Bluetooth: HCI socket layer initialized
[    0.346935] Bluetooth: L2CAP socket layer initialized
[    0.347102] Bluetooth: SCO socket layer initialized
[    0.352804] vgaarb: loaded
[    0.355174] clocksource: Switched to clocksource arch_sys_counter
[    0.356282] VFS: Disk quotas dquot_6.6.0
[    0.356481] VFS: Dquot-cache hash table entries: 512 (order 0, 4096 bytes)
[    0.357982] pnp: PnP ACPI: disabled
[    0.375524] NET: Registered PF_INET protocol family
[    0.377565] IP idents hash table entries: 16384 (order: 5, 131072 bytes, linear)
[    0.381508] tcp_listen_portaddr_hash hash table entries: 512 (order: 1, 8192 bytes, linear)
[    0.381561] Table-perturb hash table entries: 65536 (order: 6, 262144 bytes, linear)
[    0.381623] TCP established hash table entries: 8192 (order: 4, 65536 bytes, linear)
[    0.381783] TCP bind hash table entries: 8192 (order: 6, 262144 bytes, linear)
[    0.381937] TCP: Hash tables configured (established 8192 bind 8192)
[    0.382850] UDP hash table entries: 512 (order: 2, 16384 bytes, linear)
[    0.383142] UDP-Lite hash table entries: 512 (order: 2, 16384 bytes, linear)
[    0.384220] NET: Registered PF_UNIX/PF_LOCAL protocol family
[    0.387171] RPC: Registered named UNIX socket transport module.
[    0.387202] RPC: Registered udp transport module.
[    0.387208] RPC: Registered tcp transport module.
[    0.387213] RPC: Registered tcp-with-tls transport module.
[    0.387217] RPC: Registered tcp NFSv4.1 backchannel transport module.
[    0.388894] PCI: CLS 0 bytes, default 64
[    0.393277] Initialise system trusted keyrings
[    0.393562] Unpacking initramfs...
[    0.394597] workingset: timestamp_bits=42 max_order=19 bucket_order=0
[    0.396210] squashfs: version 4.0 (2009/01/31) Phillip Lougher
[    0.397837] NFS: Registering the id_resolver key type
[    0.398147] Key type id_resolver registered
[    0.398208] Key type id_legacy registered
[    0.398502] nfs4filelayout_init: NFSv4 File Layout Driver Registering...
[    0.398594] nfs4flexfilelayout_init: NFSv4 Flexfile Layout Driver Registering...
[    0.399593] jffs2: version 2.2. (NAND) © 2001-2006 Red Hat, Inc.
[    0.400488] 9p: Installing v9fs 9p2000 file system support
[    0.429754] Key type asymmetric registered
[    0.429874] Asymmetric key parser 'x509' registered
[    0.430119] Block layer SCSI generic (bsg) driver version 0.4 loaded (major 243)
[    0.430302] io scheduler mq-deadline registered
[    0.430343] io scheduler kyber registered
[    0.430628] io scheduler bfq registered
[    0.435302] Freeing initrd memory: 1272K
[    0.439771] ledtrig-cpu: registered to indicate activity on CPUs
[    0.454186] Bus freq driver module loaded
[    0.454872] imx9_init_soc imx95-soc: error -EINVAL: failed to register SoC device
[    0.455286] imx9_init_soc imx95-soc: probe with driver imx9_init_soc failed with error -22
[    0.467515] Serial: 8250/16550 driver, 4 ports, IRQ sharing enabled
[    0.476795] arm-smmu-v3 490d0000.iommu: no translation support!
[    0.477710] simple_protected_memory_allocator protected-memory-allocator: Protected memory allocator probed successfully
[    0.477735] simple_protected_memory_allocator protected-memory-allocator: Protected memory region: base=(____ptrval____) num pages=4096
[    0.508168] loop: module loaded
[    0.511559] megasas: 07.727.03.00-rc1
[    0.519866] MACsec IEEE 802.1AE
[    0.524997] tun: Universal TUN/TAP device driver, 1.6
[    0.526633] thunder_xcv, ver 1.0
[    0.526703] thunder_bgx, ver 1.0
[    0.526762] nicpf, ver 1.0
[    0.528830] hns3: Hisilicon Ethernet Network Driver for Hip08 Family - version
[    0.528841] hns3: Copyright (c) 2017 Huawei Corporation.
[    0.529112] hclge is initializing
[    0.529202] e1000: Intel(R) PRO/1000 Network Driver
[    0.529210] e1000: Copyright (c) 1999-2006 Intel Corporation.
[    0.529277] e1000e: Intel(R) PRO/1000 Network Driver
[    0.529283] e1000e: Copyright(c) 1999 - 2015 Intel Corporation.
[    0.529409] igb: Intel(R) Gigabit Ethernet Network Driver
[    0.529420] igb: Copyright (c) 2007-2014 Intel Corporation.
[    0.529487] igbvf: Intel(R) Gigabit Virtual Function Network Driver
[    0.529494] igbvf: Copyright (c) 2009 - 2012 Intel Corporation.
[    0.529755] sky2: driver version 1.30
[    0.530739] usbcore: registered new device driver r8152-cfgselector
[    0.530801] usbcore: registered new interface driver r8152
[    0.532013] VFIO - User Level meta-driver version: 0.3
[    0.537385] usbcore: registered new interface driver uas
[    0.537612] usbcore: registered new interface driver usb-storage
[    0.537931] usbcore: registered new interface driver usbserial_generic
[    0.538157] usbserial: USB Serial support registered for generic
[    0.538245] usbcore: registered new interface driver ftdi_sio
[    0.538288] usbserial: USB Serial support registered for FTDI USB Serial Device
[    0.538348] usbcore: registered new interface driver usb_serial_simple
[    0.538373] usbserial: USB Serial support registered for carelink
[    0.538398] usbserial: USB Serial support registered for flashloader
[    0.538418] usbserial: USB Serial support registered for funsoft
[    0.538439] usbserial: USB Serial support registered for google
[    0.538459] usbserial: USB Serial support registered for hp4x
[    0.538485] usbserial: USB Serial support registered for kaufmann
[    0.538505] usbserial: USB Serial support registered for libtransistor
[    0.538524] usbserial: USB Serial support registered for moto_modem
[    0.538541] usbserial: USB Serial support registered for motorola_tetra
[    0.538559] usbserial: USB Serial support registered for nokia
[    0.538577] usbserial: USB Serial support registered for novatel_gps
[    0.538595] usbserial: USB Serial support registered for owon
[    0.538612] usbserial: USB Serial support registered for siemens_mpi
[    0.538630] usbserial: USB Serial support registered for suunto
[    0.538648] usbserial: USB Serial support registered for vivopay
[    0.538672] usbserial: USB Serial support registered for zio
[    0.538728] usbcore: registered new interface driver usb_ehset_test
[    0.545712] i2c_dev: i2c /dev entries driver
[    0.553832] Bluetooth: HCI UART driver ver 2.3
[    0.553945] Bluetooth: HCI UART protocol H4 registered
[    0.554021] Bluetooth: HCI UART protocol BCSP registered
[    0.554086] Bluetooth: HCI UART protocol LL registered
[    0.554102] Bluetooth: HCI UART protocol ATH3K registered
[    0.554134] Bluetooth: HCI UART protocol Three-wire (H5) registered
[    0.554309] Bluetooth: HCI UART protocol Broadcom registered
[    0.554345] Bluetooth: HCI UART protocol QCA registered
[    0.556327] failed to register cpuidle driver
[    0.557122] sdhci: Secure Digital Host Controller Interface driver
[    0.557133] sdhci: Copyright(c) Pierre Ossman
[    0.557831] Synopsys Designware Multimedia Card Interface Driver
[    0.558733] sdhci-pltfm: SDHCI platform and OF driver helper
[    0.566330] arm-scmi arm-scmi.0.auto: Using scmi_mailbox_transport
[    0.566370] arm-scmi arm-scmi.0.auto: SCMI max-rx-timeout: 5000ms
[    0.570114] arm-scmi arm-scmi.0.auto: SCMI Notifications - Core Enabled.
[    0.578637] arm-scmi arm-scmi.0.auto: SCMI Protocol v2.1 'NXP:IMX' Firmware version 0x333
[    0.630867] cpu cpu0: EM: invalid power: 0
[    0.635698] scmi-perf-domain scmi_dev.5: Initialized 13 performance domains
[    1.042569] thermal thermal_zone0: Temperature check failed (-16)
[    1.044690] thermal thermal_zone1: Temperature check failed (-16)
[    1.108672] scmi_module: Loaded SCMI Vendor Protocol 0x81 - NXP IMX 0
[    1.109395] arm-scmi arm-scmi.0.auto: NXP SM BBM Version 1.0
[    1.114722] scmi-imx-bbm-rtc scmi_dev.10: registered as rtc0
[    1.115698] scmi-imx-bbm-rtc scmi_dev.10: setting system clock to 2026-09-02T15:59:22 UTC (1788364762)
[    1.116664] scmi-imx-bbm-key scmi_dev.11: key code is not specified, using default KEY_POWER
[    1.118349] input: scmi_dev.11 as /devices/platform/arm-scmi.0.auto/scmi_dev.11/input/input0
[    1.122489] scmi_module: Loaded SCMI Vendor Protocol 0x82 - NXP IMX 0
[    1.123162] arm-scmi arm-scmi.0.auto: NXP SM CPU Protocol Version 1.0
[    1.123619] arm-scmi arm-scmi.0.auto: i.MX SM MAX CPU: 9 cpus
[    1.124243] arm-scmi arm-scmi.0.auto: i.MX CPU: name: m33p
[    1.125048] arm-scmi arm-scmi.0.auto: i.MX CPU: name: m7p
[    1.125448] arm-scmi arm-scmi.0.auto: i.MX CPU: name: a55c0
[    1.125842] arm-scmi arm-scmi.0.auto: i.MX CPU: name: a55c1
[    1.126235] arm-scmi arm-scmi.0.auto: i.MX CPU: name: a55c2
[    1.126632] arm-scmi arm-scmi.0.auto: i.MX CPU: name: a55c3
[    1.127059] arm-scmi arm-scmi.0.auto: i.MX CPU: name: a55c4
[    1.127449] arm-scmi arm-scmi.0.auto: i.MX CPU: name: a55c5
[    1.127841] arm-scmi arm-scmi.0.auto: i.MX CPU: name: a55p
[    1.128226] scmi_module: Loaded SCMI Vendor Protocol 0x84 - NXP IMX 0
[    1.128848] arm-scmi arm-scmi.0.auto: NXP SM MISC Version 1.1
[    1.129289] arm-scmi arm-scmi.0.auto: i.MX MISC NUM DEV CTRL: 7, NUM BRD CTRL: 8,NUM Reason: 32
[    1.130591] arm-scmi arm-scmi.0.auto: Protocol 0x84 successfully negotiated version 0x10000
[    1.133946] scmi_module: Loaded SCMI Vendor Protocol 0x80 - NXP IMX 0
[    1.134366] arm-scmi arm-scmi.0.auto: NXP SM LMM Version 1.1
[    1.134790] arm-scmi arm-scmi.0.auto: i.MX LMM: 3 Logical Machines
[    1.135804] arm-scmi arm-scmi.0.auto: Protocol 0x80 successfully negotiated version 0x10000
[    1.141000] fsl-se secure-enclave-0: Successfully registered ele-trng
[    1.141105] fsl-se secure-enclave-0: i.MX secure-enclave: hsm0 interface to firmware, configured.
[    1.141483] fsl-se secure-enclave-1: failure: v2x fw state [0xca]is not loaded.
[    1.141505] fsl-se secure-enclave-1: error -EPERM: se_if_probe: Probe failed.
[    1.141522] fsl-se secure-enclave-1: probe with driver fsl-se failed with error -1
[    1.141748] fsl-se secure-enclave-2: failure: v2x fw state [0xca]is not loaded.
[    1.141757] fsl-se secure-enclave-2: error -EPERM: se_if_probe: Probe failed.
[    1.141763] fsl-se secure-enclave-2: probe with driver fsl-se failed with error -1
[    1.141934] fsl-se secure-enclave-3: failure: v2x fw state [0xca]is not loaded.
[    1.141946] fsl-se secure-enclave-3: error -EPERM: se_if_probe: Probe failed.
[    1.141958] fsl-se secure-enclave-3: probe with driver fsl-se failed with error -1
[    1.142399] random: crng init done
[    1.142685] fsl-se secure-enclave-4: failure: v2x fw state [0xca]is not loaded.
[    1.142743] fsl-se secure-enclave-4: error -EPERM: se_if_probe: Probe failed.
[    1.142794] fsl-se secure-enclave-4: probe with driver fsl-se failed with error -1
[    1.143282] fsl-se secure-enclave-5: failure: v2x fw state [0xca]is not loaded.
[    1.143296] fsl-se secure-enclave-5: error -EPERM: se_if_probe: Probe failed.
[    1.143305] fsl-se secure-enclave-5: probe with driver fsl-se failed with error -1
[    1.144755] usbcore: registered new interface driver usbhid
[    1.144769] usbhid: USB HID core driver
[    1.149549] remoteproc remoteproc0: neutron-rproc is available
[    1.161241] hw perfevents: enabled with armv8_cortex_a55 PMU driver, 7 (0,8000003f) counters available
[    1.165943]  cs_system_cfg: CoreSight Configuration manager initialised
[    1.178040] NET: Registered PF_LLC protocol family
[    1.178505] GACT probability NOT on
[    1.178887] Mirror/redirect action on
[    1.179581] u32 classifier
[    1.179590]     input device check on
[    1.179594]     Actions configured
[    1.182806] NET: Registered PF_INET6 protocol family
[    1.190788] Segment Routing with IPv6
[    1.191090] In-situ OAM (IOAM) with IPv6
[    1.191885] NET: Registered PF_PACKET protocol family
[    1.192378] bridge: filtering via arp/ip/ip6tables is no longer available by default. Update your scripts to load br_netfilter if you need this.
[    1.193885] Bluetooth: RFCOMM TTY layer initialized
[    1.193936] Bluetooth: RFCOMM socket layer initialized
[    1.194006] Bluetooth: RFCOMM ver 1.11
[    1.194069] Bluetooth: BNEP (Ethernet Emulation) ver 1.3
[    1.194080] Bluetooth: BNEP filters: protocol multicast
[    1.194871] Bluetooth: BNEP socket layer initialized
[    1.194902] Bluetooth: HIDP (Human Interface Emulation) ver 1.2
[    1.194932] Bluetooth: HIDP socket layer initialized
[    1.196486] 8021q: 802.1Q VLAN Support v1.8
[    1.197354] 9pnet: Installing 9P2000 support
[    1.197660] Key type dns_resolver registered
[    1.198020] NET: Registered PF_VSOCK protocol family
[    1.220946] registered taskstats version 1
[    1.222619] Loading compiled-in X.509 certificates
[    1.231515] Demotion targets for Node 0: null
[    1.272595] usb_phy_generic usbphynop: dummy supplies not allowed for exclusive requests (id=vbus)
[    1.281698] pca953x 2-0020: using no AI
[    1.294281] i2c i2c-2: LPI2C adapter registered
[    1.299369] i2c i2c-3: LPI2C adapter registered
[    1.303938] pca953x 4-0021: using no AI
[    1.304533] i2c i2c-4: LPI2C adapter registered
[    1.307875] i2c i2c-5: LPI2C adapter registered
[    1.312344] /soc/usb@4c010010/usb@4c100000: Fixed dependency cycle(s) with /soc/bus@42000000/i2c@426d0000/tcpc@50
[    1.312487] /soc/bus@42000000/i2c@426d0000/tcpc@50: Fixed dependency cycle(s) with /soc/usb@4c010010/usb@4c100000
[    1.312572] /soc/bus@42000000/i2c@426d0000/tcpc@50/connector: Fixed dependency cycle(s) with /soc/phy@4c1f0040
[    1.312749] i2c i2c-6: LPI2C adapter registered
[    1.319941] i2c i2c-1: LPI2C adapter registered
[    1.322697] imx8mq-usb-phy 4c1f0040.phy: supply vbus not found, using dummy regulator
[    1.349321] 42590000.serial: ttyLP4 at MMIO 0x42590010 (irq = 111, base_baud = 1500000) is a FSL_LPUART
[    1.350312] serial serial0: tty port ttyLP4 registered
[    1.353319] 44380000.serial: ttyLP0 at MMIO 0x44380010 (irq = 112, base_baud = 1500000) is a FSL_LPUART
[    1.356346] printk: legacy console [ttyLP0] enabled
[    1.384541] mali 4d900000.gpu: Kernel DDK version r54p1-11eac0
[    1.386484] mali 4d900000.gpu: GPU metrics tracepoint support enabled
[    1.395093] mali 4d900000.gpu: Register LUT 000a0a00 initialized for GPU arch 0x000a0c07
[    1.396394] mali 4d900000.gpu: r0p0 status 1 not found in HW issues table;
[    1.396502] mali 4d900000.gpu: falling back to closest match: r0p0 status 0
[    1.396586] mali 4d900000.gpu: Execution proceeding normally with fallback match
[    1.396684] mali 4d900000.gpu: GPU identified as 0x4 arch 10.12.7 r0p0 status 0
[    1.398538] mali 4d900000.gpu: CSF_GPU_RESET_TIMEOUT is capped from 12400ms to 4500ms
[    1.398696] mali 4d900000.gpu: CSF_GPU_SUSPEND_TIMEOUT is capped from 6200ms to 4500ms
[    1.398866] mali 4d900000.gpu: KBASE_PRFCNT_ACTIVE_TIMEOUT is capped from 24000ms to 4500ms
[    1.399105] mali 4d900000.gpu: KBASE_AS_INACTIVE_TIMEOUT is capped from 24000ms to 4500ms
[    1.399205] mali 4d900000.gpu: CSF_FIRMWARE_STOP_TIMEOUT is capped from 24000ms to 4500ms
[    1.399807] mali 4d900000.gpu: Miscellaneous device initialization failed error = -5
[    1.405315] mali 4d900000.gpu: Device initialization failed
[    1.405432] mali 4d900000.gpu: probe with driver mali failed with error -5
[    1.407469] [drm] Initialized imx95-dpu 1.0.0 for 4b400000.display-controller on minor 0
[    1.408941] imx95-dpu 4b400000.display-controller: [drm] Cannot find any crtc or sizes
[    1.485831] pci-host-generic 4ca00000.pcie: host bridge /soc/netc-blk-ctrl@4cde0000/pcie@4ca00000 ranges:
[    1.486615] pci-host-generic 4ca00000.pcie:      MEM 0x004cc00000..0x004ccdffff -> 0x004cc00000
[    1.486966] pci-host-generic 4ca00000.pcie:      MEM 0x004cd00000..0x004cd0ffff -> 0x004cd00000
[    1.487206] pci-host-generic 4ca00000.pcie:      MEM 0x004cd20000..0x004cd7ffff -> 0x004cd20000
[    1.487322] pci-host-generic 4ca00000.pcie:      MEM 0x004cd80000..0x004cddffff -> 0x004cd80000
[    1.488253] pci-host-generic 4ca00000.pcie: ECAM at [mem 0x4ca00000-0x4cafffff] for [bus 00]
[    1.490257] pci-host-generic 4ca00000.pcie: PCI host bridge to bus 0002:00
[    1.490600] pci_bus 0002:00: root bus resource [bus 00]
[    1.490710] pci_bus 0002:00: root bus resource [mem 0x4cc00000-0x4ccdffff]
[    1.490791] pci_bus 0002:00: root bus resource [mem 0x4cd00000-0x4cd0ffff pref]
[    1.490903] pci_bus 0002:00: root bus resource [mem 0x4cd20000-0x4cd7ffff]
[    1.491312] pci_bus 0002:00: root bus resource [mem 0x4cd80000-0x4cddffff pref]
[    1.493685] pci 0002:00:00.0: [1131:e101] type 00 class 0x020000 conventional PCI endpoint
[    1.494594] pci 0002:00:00.0: BAR 0 [mem 0x00000000-0x0003ffff 64bit]
[    1.494753] pci 0002:00:00.0: BAR 2 [mem 0x00000000-0x00001fff 64bit]
[    1.500929] pci 0002:00:08.0: [1131:e101] type 00 class 0x020000 conventional PCI endpoint
[    1.501081] pci 0002:00:08.0: BAR 0 [mem 0x00000000-0x0003ffff 64bit]
[    1.501165] pci 0002:00:08.0: BAR 2 [mem 0x00000000-0x00001fff 64bit]
[    1.502247] pci 0002:00:10.0: [1131:e101] type 00 class 0x020000 conventional PCI endpoint
[    1.502370] pci 0002:00:10.0: BAR 0 [mem 0x00000000-0x0003ffff 64bit]
[    1.502449] pci 0002:00:10.0: BAR 2 [mem 0x00000000-0x00001fff 64bit]
[    1.503492] pci 0002:00:18.0: [1131:ee02] type 00 class 0x088080 conventional PCI endpoint
[    1.503614] pci 0002:00:18.0: BAR 0 [mem 0x00000000-0x0001ffff 64bit]
[    1.503698] pci 0002:00:18.0: BAR 2 [mem 0x00000000-0x00001fff 64bit]
[    1.504903] pci 0002:00:1f.0: [1b36:0008] type 00 class 0x060000 conventional PCI endpoint
[    1.507191] pci 0002:00:00.0: BAR 0 [mem 0x4cc00000-0x4cc3ffff 64bit]: assigned
[    1.507480] pci 0002:00:08.0: BAR 0 [mem 0x4cc40000-0x4cc7ffff 64bit]: assigned
[    1.507603] pci 0002:00:10.0: BAR 0 [mem 0x4cc80000-0x4ccbffff 64bit]: assigned
[    1.507698] pci 0002:00:18.0: BAR 0 [mem 0x4ccc0000-0x4ccdffff 64bit]: assigned
[    1.507796] pci 0002:00:00.0: BAR 2 [mem 0x4cd20000-0x4cd21fff 64bit]: assigned
[    1.507884] pci 0002:00:08.0: BAR 2 [mem 0x4cd22000-0x4cd23fff 64bit]: assigned
[    1.507970] pci 0002:00:10.0: BAR 2 [mem 0x4cd24000-0x4cd25fff 64bit]: assigned
[    1.508057] pci 0002:00:18.0: BAR 2 [mem 0x4cd26000-0x4cd27fff 64bit]: assigned
[    1.508388] pci_bus 0002:00: resource 4 [mem 0x4cc00000-0x4ccdffff]
[    1.508480] pci_bus 0002:00: resource 5 [mem 0x4cd00000-0x4cd0ffff pref]
[    1.508555] pci_bus 0002:00: resource 6 [mem 0x4cd20000-0x4cd7ffff]
[    1.508624] pci_bus 0002:00: resource 7 [mem 0x4cd80000-0x4cddffff pref]
[    1.509939] OF: /soc/netc-blk-ctrl@4cde0000/pcie@4ca00000: no iommu-map translation for id 0xf8 on (null)
[    1.511844] pci-host-generic 4cb00000.pcie: host bridge /soc/netc-blk-ctrl@4cde0000/pcie@4cb00000 ranges:
[    1.512015] pci-host-generic 4cb00000.pcie:      MEM 0x004cce0000..0x004ccfffff -> 0x004cce0000
[    1.512124] pci-host-generic 4cb00000.pcie:      MEM 0x004cd10000..0x004cd1ffff -> 0x004cd10000
[    1.512299] pci-host-generic 4cb00000.pcie: ECAM at [mem 0x4cb00000-0x4cbfffff] for [bus 01]
[    1.512584] pci-host-generic 4cb00000.pcie: PCI host bridge to bus 0003:01
[    1.512676] pci_bus 0003:01: root bus resource [bus 01]
[    1.512733] pci_bus 0003:01: root bus resource [mem 0x4cce0000-0x4ccfffff]
[    1.512802] pci_bus 0003:01: root bus resource [mem 0x4cd10000-0x4cd1ffff pref]
[    1.512961] pci 0003:01:00.0: [1131:ee00] type 00 class 0x088001 conventional PCI endpoint
[    1.513068] pci 0003:01:00.0: BAR 0 [mem 0x00000000-0x0000ffff 64bit]
[    1.516621] pci 0003:01:1e.0: [1b36:0008] type 00 class 0x060000 conventional PCI endpoint
[    1.517048] pci 0003:01:00.0: BAR 0 [mem 0x4cce0000-0x4cceffff 64bit]: assigned
[    1.517146] pci_bus 0003:01: resource 4 [mem 0x4cce0000-0x4ccfffff]
[    1.517214] pci_bus 0003:01: resource 5 [mem 0x4cd10000-0x4cd1ffff pref]
[    1.520049] /soc/bus@42000000/i2c@426d0000/tcpc@50: Fixed dependency cycle(s) with /soc/usb@4c010010/usb@4c100000
[    1.520347] /soc/usb@4c010010/usb@4c100000: Fixed dependency cycle(s) with /soc/bus@42000000/i2c@426d0000/tcpc@50
[    1.532565] imx-rproc imx95-cm7: Using LMM Protocol OPS
[    1.534295] remoteproc remoteproc1: imx-rproc is available
[    1.537586] wave6-vpu-ctrl 4c4c0000.vpu-ctrl: boot phys_addr: 0x00000000a0000000, dma_addr: 0x00000000a0000000, size: 0x100000
[    1.538063] wave6-vpu-ctrl 4c4c0000.vpu-ctrl: sram 0x0x00000000204c0000, 0x0x00000000204c0000, size 0x14800
[    1.739822] pca953x 3-0021: using no AI
[    1.743846] pca953x 5-0021: using no AI
[    1.745598] pca953x 6-0022: using AI
[    2.251767] tcpci 6-0050: probe with driver tcpci failed with error -110
[    2.277206] imx6q-pcie 4c380000.pcie: host bridge /soc/pcie@4c380000 ranges:
[    2.277403] imx6q-pcie 4c380000.pcie:       IO 0x088ff00000..0x088fffffff -> 0x0000000000
[    2.277822] imx6q-pcie 4c380000.pcie:      MEM 0x0a10000000..0x0a1fffffff -> 0x0010000000
[    2.488893] imx6q-pcie 4c380000.pcie: iATU: unroll F, 256 ob, 256 ib, align 0K, limit 4G
[    2.599274] imx6q-pcie 4c380000.pcie: PCIe Gen.1 x1 link up
[    2.599739] imx6q-pcie 4c380000.pcie: PCI host bridge to bus 0001:00
[    2.599832] pci_bus 0001:00: root bus resource [bus 00-ff]
[    2.599897] pci_bus 0001:00: root bus resource [io  0x0000-0xfffff]
[    2.600024] pci_bus 0001:00: root bus resource [mem 0xa10000000-0xa1fffffff] (bus address [0x10000000-0x1fffffff])
[    2.602961] pci 0001:00:00.0: [16c3:abcd] type 01 class 0x060400 PCIe Root Port
[    2.611679] pci 0001:00:00.0: PCI bridge to [bus 01-ff]
[    2.613440] pci 0001:00:00.0:   bridge window [io  0x0000-0x0fff]
[    2.613631] pci 0001:00:00.0:   bridge window [mem 0x00000000-0x000fffff]
[    2.616664] pci 0001:00:00.0:   bridge window [mem 0x00000000-0x000fffff 64bit pref]
[    2.617116] pci 0001:00:00.0: enabling Extended Tags
[    2.629555] pci 0001:00:00.0: PCI bridge to [bus 01-ff]
[    2.636014] pci_bus 0001:00: resource 4 [io  0x0000-0xfffff]
[    2.636132] pci_bus 0001:00: resource 5 [mem 0xa10000000-0xa1fffffff]
[    2.650102] imx6q-pcie 4c300000.pcie: host bridge /soc/pcie@4c300000 ranges:
[    2.650277] imx6q-pcie 4c300000.pcie:       IO 0x006ff00000..0x006fffffff -> 0x0000000000
[    2.650455] imx6q-pcie 4c300000.pcie:      MEM 0x0910000000..0x091fffffff -> 0x0010000000
[    2.748893] fsl_enetc_mdio 0003:01:00.0: enabling device (0000 -> 0002)
[    2.859952] imx6q-pcie 4c300000.pcie: iATU: unroll F, 256 ob, 256 ib, align 0K, limit 4G
[    2.909141] hwmon hwmon1: temp1_input not attached to any thermal zone
[    2.922339] cfg80211: Loading compiled-in X.509 certificates for regulatory database
[    2.935708] Loaded X.509 cert 'sforshee: 00b28ddf47aef9cea7'
[    2.936225] Loaded X.509 cert 'wens: 61c038651aabdcf94bd0ac7ff06c7248db18c600'
[    2.938028] platform regulatory.0: Direct firmware load for regulatory.db failed with error -2
[    2.938300] platform regulatory.0: Falling back to sysfs fallback for: regulatory.db
[    2.938905] clk: Disabling unused clocks
[    2.967230] imx6q-pcie 4c300000.pcie: PCIe Gen.1 x1 link up
[    2.967919] imx6q-pcie 4c300000.pcie: PCI host bridge to bus 0000:00
[    2.968139] pci_bus 0000:00: root bus resource [bus 00-ff]
[    2.968313] pci_bus 0000:00: root bus resource [io  0x100000-0x1fffff] (bus address [0x0000-0xfffff])
[    2.968605] pci_bus 0000:00: root bus resource [mem 0x910000000-0x91fffffff] (bus address [0x10000000-0x1fffffff])
[    2.969026] pci 0000:00:00.0: [16c3:abcd] type 01 class 0x060400 PCIe Root Port
[    2.984571] pci 0000:00:00.0: PCI bridge to [bus 01-ff]
[    2.987602] pci 0000:00:00.0:   bridge window [io  0x100000-0x100fff]
[    2.987854] pci 0000:00:00.0:   bridge window [mem 0x00000000-0x000fffff]
[    2.990503] pci 0000:00:00.0:   bridge window [mem 0x00000000-0x000fffff 64bit pref]
[    2.990788] pci 0000:00:00.0: enabling Extended Tags
[    3.001970] pci 0000:00:00.0: PCI bridge to [bus 01-ff]
[    3.009984] pci_bus 0000:00: resource 4 [io  0x100000-0x1fffff]
[    3.010186] pci_bus 0000:00: resource 5 [mem 0x910000000-0x91fffffff]
[    3.074659] PM: genpd: Disabling unused power domains
[    3.075955] ALSA device list:
[    3.076263]   No soundcards found.
[    3.165809] Freeing unused kernel memory: 4096K
[    3.167210] Run /init as init process
[   13.040518] pciback 0001:00:00.0: deferred probe timeout, ignoring dependency
[   13.042204] pcieport 0001:00:00.0: deferred probe timeout, ignoring dependency
[   13.044555] pcieport 0001:00:00.0: PME: Signaling with IRQ 220
[   13.045322] pciback 0002:00:10.0: deferred probe timeout, ignoring dependency
[   13.045500] fsl_enetc4 0002:00:10.0: deferred probe timeout, ignoring dependency
[   13.147310] fsl_enetc4 0002:00:10.0: enabling device (0000 -> 0002)
[   13.173728] pciback 0002:00:18.0: deferred probe timeout, ignoring dependency
[   13.173984] ptp_netc 0002:00:18.0: deferred probe timeout, ignoring dependency
[   13.174166] ptp_netc 0002:00:18.0: enabling device (0000 -> 0002)
[   13.183142] neutron 4ab00004.imx95-neutron: deferred probe timeout, ignoring dependency
[   13.186261] neutron 4ab00004.imx95-neutron: created neutron device, name=neutron0
[   13.186882] dwc3 4c100000.usb: deferred probe timeout, ignoring dependency
[   13.189085] dwc3 4c100000.usb: Configuration mismatch. dr_mode forced to host
[   13.241462] xhci-hcd xhci-hcd.4.auto: xHCI Host Controller
[   13.241746] xhci-hcd xhci-hcd.4.auto: new USB bus registered, assigned bus number 1
[   13.245307] xhci-hcd xhci-hcd.4.auto: hcc params 0x00087001 hci version 0x100 quirks 0x000080a001000010
[   13.245639] xhci-hcd xhci-hcd.4.auto: irq 227, io mem 0x4c100000
[   13.246637] xhci-hcd xhci-hcd.4.auto: xHCI Host Controller
[   13.246722] xhci-hcd xhci-hcd.4.auto: new USB bus registered, assigned bus number 2
[   13.246854] xhci-hcd xhci-hcd.4.auto: Host supports USB 3.0 SuperSpeed
[   13.254559] hub 1-0:1.0: USB hub found
[   13.255310] hub 1-0:1.0: 1 port detected
[   13.258788] usb usb2: We don't know the algorithms for LPM for this host, disabling LPM.
[   13.260873] hub 2-0:1.0: USB hub found
[   13.261095] hub 2-0:1.0: 1 port detected
[   13.263619] imx_usb 4c200000.usb: deferred probe timeout, ignoring dependency
[   13.266846] ci_hdrc ci_hdrc.0: deferred probe timeout, ignoring dependency
[   13.270909] ci_hdrc ci_hdrc.0: EHCI Host Controller
[   13.271307] ci_hdrc ci_hdrc.0: new USB bus registered, assigned bus number 3
[   13.283206] ci_hdrc ci_hdrc.0: USB 2.0 started, EHCI 1.00
[   13.284296] hub 3-0:1.0: USB hub found
[   13.284731] hub 3-0:1.0: 1 port detected
[   13.286871] fsl-edma 42210000.dma-controller: deferred probe timeout, ignoring dependency
[   13.292269] pciback 0002:00:00.0: deferred probe timeout, ignoring dependency
[   13.292487] fsl_enetc4 0002:00:00.0: deferred probe timeout, ignoring dependency
[   13.395354] fsl_enetc4 0002:00:00.0: enabling device (0000 -> 0002)
[   13.405625] pciback 0002:00:08.0: deferred probe timeout, ignoring dependency
[   13.405880] fsl_enetc4 0002:00:08.0: deferred probe timeout, ignoring dependency
[   13.507218] fsl_enetc4 0002:00:08.0: enabling device (0000 -> 0002)
[   13.515607] pciback 0000:00:00.0: deferred probe timeout, ignoring dependency
[   13.517607] pcieport 0000:00:00.0: deferred probe timeout, ignoring dependency
[   13.520430] pcieport 0000:00:00.0: PME: Signaling with IRQ 221
[   13.523135] platform sound-bt-sco: deferred probe pending: asoc-simple-card: parse error
[   13.531023] sdhci-esdhc-imx 42860000.mmc: deferred probe timeout, ignoring dependency
[   13.536782] sdhci-esdhc-imx 42850000.mmc: deferred probe timeout, ignoring dependency
[   13.541169] sdhci-esdhc-imx 42860000.mmc: Got CD GPIO
[   13.581192] mmc0: SDHCI controller on 42850000.mmc [42850000.mmc] using ADMA
[   13.582391] mmc1: SDHCI controller on 42860000.mmc [42860000.mmc] using ADMA
[   13.700871] mmc0: Failed to initialize a non-removable card
[   14.412431] fsl_enetc4 0002:00:00.0 eth1: configuring for fixed/rgmii-id link mode
[   14.415288] fsl_enetc4 0002:00:00.0 eth1: Link is Up - 1Gbps/Full - flow control off
[   14.442052] fsl_enetc4 0002:00:08.0 eth2: configuring for fixed/rgmii-id link mode
[   14.442410] fsl_enetc4 0002:00:08.0 eth2: Link is Up - 1Gbps/Full - flow control off
ENET-LAB3 boot: leg0(FRDM/LAN)=eth1@0002:00:00.0 carrier=1 | leg1(Orin/USB)=eth2@0002:00:08.0 carrier=1
ENET-LAB3 up: if=eth1 idx=3 mac=02:5c:5e:d1:ec:21 my_et=0x88b7 watching 1 peer(s) body=magic+seq+fill
ENET-LAB3 up: if=eth2 idx=4 mac=fa:05:f3:b6:87:60 my_et=0x88b7 watching 1 peer(s) body=magic+seq+fill
ENET-LAB3 UP: ethertype=0x88b7 peers=1 body=emit enforce=self-arming
ENET-LAB3 UP: ethertype=0x88b7 peers=1 body=emit enforce=self-arming
ENET-LAB3 rx: peer 0x88ba body OK src 3e:c7:e7:79:f3:87 seq=3367660 (observed, not required)
ENET-LAB3 rx: peer 0x88ba body OK src 3e:c7:e7:79:f3:87 seq=3367660
ENET-LAB3 PASS: t=1788364776.894s peers=1/1 validated=1 beat=1 loss=0 foreign=3 self=1 reboots=0 legacy=0
ENET-LAB3 PASS: t=1788364777.142s peers=1/1 validated=1 beat=2 loss=0 foreign=13 self=2 reboots=0 legacy=0
ENET-LAB3 PASS: t=1788364777.346s peers=1/1 validated=1 beat=3 loss=0 foreign=29 self=3 reboots=0 legacy=0
ENET-LAB3 PASS: t=1788364777.609s peers=1/1 validated=1 beat=4 loss=0 foreign=52 self=4 reboots=0 legacy=0
ENET-LAB3 PASS: t=1788364777.836s peers=1/1 validated=1 beat=5 loss=0 foreign=66 self=4 reboots=0 legacy=0
ENET-LAB3 PASS: t=1788364778.043s peers=1/1 validated=1 beat=6 loss=0 foreign=70 self=5 reboots=0 legacy=0
ENET-LAB3 PASS: t=1788364778.250s peers=1/1 validated=1 beat=7 loss=0 foreign=74 self=6 reboots=0 legacy=0
ENET-LAB3 PASS: t=1788364778.457s peers=1/1 validated=1 beat=8 loss=0 foreign=78 self=7 reboots=0 legacy=0
ENET-LAB3 PASS: t=1788364778.721s peers=1/1 validated=1 beat=9 loss=0 foreign=85 self=9 reboots=0 legacy=0
ENET-LAB3 PASS: t=1788364778.925s peers=1/1 validated=1 beat=10 loss=0 foreign=97 self=9 reboots=0 legacy=0
ENET-LAB3 PASS: t=1788364779.128s peers=1/1 validated=1 beat=11 loss=0 foreign=97 self=11 reboots=0 legacy=0
ENET-LAB3 PASS: t=1788364779.345s peers=1/1 validated=1 beat=12 loss=0 foreign=105 self=12 reboots=0 legacy=0
ENET-LAB3 PASS: t=1788364779.549s peers=1/1 validated=1 beat=13 loss=0 foreign=115 self=12 reboots=0 legacy=0
ENET-LAB3 PASS: t=1788364779.756s peers=1/1 validated=1 beat=14 loss=0 foreign=120 self=13 reboots=0 legacy=0
ENET-LAB3 PASS: t=1788364779.963s peers=1/1 validated=1 beat=15 loss=0 foreign=132 self=14 reboots=0 legacy=0
ENET-LAB3 PASS: t=1788364780.170s peers=1/1 validated=1 beat=16 loss=0 foreign=136 self=15 reboots=0 legacy=0
ENET-LAB3 PASS: t=1788364780.377s peers=1/1 validated=1 beat=17 loss=0 foreign=152 self=16 reboots=0 legacy=0
ENET-LAB3 PASS: t=1788364780.584s peers=1/1 validated=1 beat=18 loss=0 foreign=171 self=17 reboots=0 legacy=0
ENET-LAB3 PASS: t=1788364780.790s peers=1/1 validated=1 beat=19 loss=0 foreign=183 self=18 reboots=0 legacy=0
ENET-LAB3 PASS: t=1788364780.997s peers=1/1 validated=1 beat=20 loss=0 foreign=185 self=19 reboots=0 legacy=0
ENET-LAB3 PASS: t=1788364781.202s peers=1/1 validated=1 beat=21 loss=0 foreign=188 self=21 reboots=0 legacy=0
ENET-LAB3 PASS: t=1788364781.406s peers=1/1 validated=1 beat=22 loss=0 foreign=193 self=21 reboots=0 legacy=0
ENET-LAB3 PASS: t=1788364781.614s peers=1/1 validated=1 beat=23 loss=0 foreign=203 self=22 reboots=0 legacy=0
ENET-LAB3 PASS: t=1788364781.821s peers=1/1 validated=1 beat=24 loss=0 foreign=208 self=23 reboots=0 legacy=0
ENET-LAB3 PASS: t=1788364782.028s peers=1/1 validated=1 beat=25 loss=0 foreign=212 self=24 reboots=0 legacy=0
ENET-LAB3 PASS: t=1788364782.235s peers=1/1 validated=1 beat=26 loss=0 foreign=213 self=25 reboots=0 legacy=0
ENET-LAB3 PASS: t=1788364782.442s peers=1/1 validated=1 beat=27 loss=0 foreign=215 self=26 reboots=0 legacy=0
ENET-LAB3 PASS: t=1788364782.645s peers=1/1 validated=1 beat=28 loss=0 foreign=215 self=28 reboots=0 legacy=0
ENET-LAB3 PASS: t=1788364782.849s peers=1/1 validated=1 beat=29 loss=0 foreign=217 self=28 reboots=0 legacy=0
ENET-LAB3 PASS: t=1788364783.053s peers=1/1 validated=1 beat=30 loss=0 foreign=217 self=30 reboots=0 legacy=0
ENET-LAB3 PASS: t=1788364783.265s peers=1/1 validated=1 beat=31 loss=0 foreign=220 self=31 reboots=0 legacy=0
ENET-LAB3 PASS: t=1788364783.469s peers=1/1 validated=1 beat=32 loss=0 foreign=223 self=31 reboots=0 legacy=0
ENET-LAB3 PASS: t=1788364783.672s peers=1/1 validated=1 beat=33 loss=0 foreign=223 self=33 reboots=0 legacy=0
ENET-LAB3 PASS: t=1788364783.877s peers=1/1 validated=1 beat=34 loss=0 foreign=228 self=33 reboots=0 legacy=0
ENET-LAB3 PASS: t=1788364784.084s peers=1/1 validated=1 beat=35 loss=0 foreign=230 self=34 reboots=0 legacy=0
ENET-LAB3 PASS: t=1788364784.291s peers=1/1 validated=1 beat=36 loss=0 foreign=232 self=36 reboots=0 legacy=0
ENET-LAB3 PASS: t=1788364784.498s peers=1/1 validated=1 beat=37 loss=0 foreign=234 self=36 reboots=0 legacy=0
ENET-LAB3 PASS: t=1788364784.702s peers=1/1 validated=1 beat=38 loss=0 foreign=234 self=38 reboots=0 legacy=0
ENET-LAB3 PASS: t=1788364784.906s peers=1/1 validated=1 beat=39 loss=0 foreign=235 self=38 reboots=0 legacy=0
ENET-LAB3 PASS: t=1788364785.113s peers=1/1 validated=1 beat=40 loss=0 foreign=236 self=39 reboots=0 legacy=0
ENET-LAB3 PASS: t=1788364785.320s peers=1/1 validated=1 beat=41 loss=0 foreign=238 self=40 reboots=0 legacy=0
ENET-LAB3 PASS: t=1788364785.527s peers=1/1 validated=1 beat=42 loss=0 foreign=239 self=41 reboots=0 legacy=0
ENET-LAB3 PASS: t=1788364785.734s peers=1/1 validated=1 beat=43 loss=0 foreign=243 self=42 reboots=0 legacy=0
ENET-LAB3 PASS: t=1788364785.941s peers=1/1 validated=1 beat=44 loss=0 foreign=245 self=44 reboots=0 legacy=0
ENET-LAB3 PASS: t=1788364786.144s peers=1/1 validated=1 beat=45 loss=0 foreign=245 self=45 reboots=0 legacy=0
ENET-LAB3 PASS: t=1788364786.348s peers=1/1 validated=1 beat=46 loss=0 foreign=246 self=45 reboots=0 legacy=0
ENET-LAB3 PASS: t=1788364786.555s peers=1/1 validated=1 beat=47 loss=0 foreign=247 self=46 reboots=0 legacy=0
ENET-LAB3 PASS: t=1788364786.763s peers=1/1 validated=1 beat=48 loss=0 foreign=251 self=47 reboots=0 legacy=0
ENET-LAB3 PASS: t=1788364786.967s peers=1/1 validated=1 beat=49 loss=0 foreign=251 self=49 reboots=0 legacy=0
ENET-LAB3 PASS: t=1788364787.170s peers=1/1 validated=1 beat=50 loss=0 foreign=251 self=50 reboots=0 legacy=0
ENET-LAB3 PASS: t=1788364787.375s peers=1/1 validated=1 beat=51 loss=0 foreign=252 self=50 reboots=0 legacy=0
ENET-LAB3 PASS: t=1788364787.582s peers=1/1 validated=1 beat=52 loss=0 foreign=253 self=51 reboots=0 legacy=0
ENET-LAB3 PASS: t=1788364787.789s peers=1/1 validated=1 beat=53 loss=0 foreign=254 self=52 reboots=0 legacy=0
ENET-LAB3 PASS: t=1788364787.994s peers=1/1 validated=1 beat=54 loss=0 foreign=257 self=54 reboots=0 legacy=0
ENET-LAB3 PASS: t=1788364788.198s peers=1/1 validated=1 beat=55 loss=0 foreign=259 self=54 reboots=0 legacy=0
ENET-LAB3 PASS: t=1788364788.405s peers=1/1 validated=1 beat=56 loss=0 foreign=260 self=55 reboots=0 legacy=0
ENET-LAB3 PASS: t=1788364788.612s peers=1/1 validated=1 beat=57 loss=0 foreign=261 self=56 reboots=0 legacy=0
ENET-LAB3 PASS: t=1788364788.816s peers=1/1 validated=1 beat=58 loss=0 foreign=261 self=58 reboots=0 legacy=0
ENET-LAB3 PASS: t=1788364789.020s peers=1/1 validated=1 beat=59 loss=0 foreign=262 self=58 reboots=0 legacy=0
ENET-LAB3 PASS: t=1788364789.223s peers=1/1 validated=1 beat=60 loss=0 foreign=262 self=60 reboots=0 legacy=0
ENET-LAB3 PASS: t=1788364789.427s peers=1/1 validated=1 beat=61 loss=0 foreign=264 self=60 reboots=0 legacy=0
ENET-LAB3 PASS: t=1788364789.632s peers=1/1 validated=1 beat=62 loss=0 foreign=264 self=62 reboots=0 legacy=0
ENET-LAB3 PASS: t=1788364789.835s peers=1/1 validated=1 beat=63 loss=0 foreign=264 self=63 reboots=0 legacy=0
ENET-LAB3 PASS: t=1788364790.039s peers=1/1 validated=1 beat=64 loss=0 foreign=265 self=63 reboots=0 legacy=0
ENET-LAB3 PASS: t=1788364790.244s peers=1/1 validated=1 beat=65 loss=0 foreign=265 self=65 reboots=0 legacy=0
ENET-LAB3 PASS: t=1788364790.448s peers=1/1 validated=1 beat=66 loss=0 foreign=267 self=65 reboots=0 legacy=0
ENET-LAB3 PASS: t=1788364790.652s peers=1/1 validated=1 beat=67 loss=0 foreign=267 self=67 reboots=0 legacy=0
ENET-LAB3 PASS: t=1788364790.856s peers=1/1 validated=1 beat=68 loss=0 foreign=268 self=67 reboots=0 legacy=0
ENET-LAB3 PASS: t=1788364791.063s peers=1/1 validated=1 beat=69 loss=0 foreign=269 self=68 reboots=0 legacy=0
ENET-LAB3 PASS: t=1788364791.267s peers=1/1 validated=1 beat=70 loss=0 foreign=269 self=70 reboots=0 legacy=0
ENET-LAB3 PASS: t=1788364791.471s peers=1/1 validated=1 beat=71 loss=0 foreign=271 self=70 reboots=0 legacy=0
ENET-LAB3 PASS: t=1788364791.674s peers=1/1 validated=1 beat=72 loss=0 foreign=271 self=72 reboots=0 legacy=0
ENET-LAB3 REBOOT: peer 0x88ba incarnation ef4f4a85 -> 1189e305 (seq restarts at 1; NOT a replay)
ENET-LAB3 REBOOT: peer 0x88ba incarnation ef4f4a85 -> 1189e305 (seq restarts at 1; NOT a replay)
ENET-LAB3 PASS: t=1788364791.854s peers=1/1 validated=1 beat=73 loss=0 foreign=272 self=72 reboots=1 legacy=0
ENET-LAB3 REBOOT: peer 0x88ba incarnation 1189e305 -> ef4f4a85 (seq restarts at 3367732; NOT a replay)
ENET-LAB3 REBOOT: peer 0x88ba incarnation 1189e305 -> ef4f4a85 (seq restarts at 3367732; NOT a replay)
ENET-LAB3 PASS: t=1788364792.079s peers=1/1 validated=1 beat=74 loss=3367731 foreign=276 self=73 reboots=2 legacy=0
ENET-LAB3 REBOOT: peer 0x88ba incarnation ef4f4a85 -> 1189e305 (seq restarts at 2; NOT a replay)
ENET-LAB3 REBOOT: peer 0x88ba incarnation ef4f4a85 -> 1189e305 (seq restarts at 2; NOT a replay)
ENET-LAB3 PASS: t=1788364792.079s peers=1/1 validated=1 beat=75 loss=3367732 foreign=276 self=73 reboots=3 legacy=0
ENET-LAB3 REBOOT: peer 0x88ba incarnation 1189e305 -> ef4f4a85 (seq restarts at 3367733; NOT a replay)
ENET-LAB3 PASS: t=1788364792.283s peers=1/1 validated=1 beat=76 loss=3367732 foreign=276 self=75 reboots=3 legacy=0
ENET-LAB3 REBOOT: peer 0x88ba incarnation 1189e305 -> ef4f4a85 (seq restarts at 3367733; NOT a replay)
ENET-LAB3 PASS: t=1788364792.283s peers=1/1 validated=1 beat=77 loss=6735464 foreign=276 self=75 reboots=4 legacy=0
ENET-LAB3 rx: peer 0x88b9 body OK src 00:04:9f:0a:fc:6d seq=1
ENET-LAB3 rx: peer 0x88b9 body OK src 00:04:9f:0a:fc:6d seq=1 (observed, not required)
ENET-LAB3 PASS: t=1788364792.620s peers=1/1 validated=2 beat=1 loss=6735464 foreign=281 self=76 reboots=4 legacy=0
ENET-LAB3 REBOOT: peer 0x88ba incarnation ef4f4a85 -> 1189e305 (seq restarts at 4; NOT a replay)
ENET-LAB3 REBOOT: peer 0x88ba incarnation ef4f4a85 -> 1189e305 (seq restarts at 4; NOT a replay)
ENET-LAB3 PASS: t=1788364792.688s peers=1/1 validated=2 beat=78 loss=6735467 foreign=281 self=76 reboots=5 legacy=0
ENET-LAB3 REBOOT: peer 0x88ba incarnation 1189e305 -> ef4f4a85 (seq restarts at 3367734; NOT a replay)
ENET-LAB3 PASS: t=1788364792.688s peers=1/1 validated=2 beat=79 loss=10103200 foreign=281 self=76 reboots=6 legacy=0
ENET-LAB3 REBOOT: peer 0x88ba incarnation 1189e305 -> ef4f4a85 (seq restarts at 3367734; NOT a replay)
ENET-LAB3 PASS: t=1788364792.890s peers=1/1 validated=2 beat=2 loss=10103200 foreign=281 self=78 reboots=6 legacy=0
ENET-LAB3 REBOOT: peer 0x88ba incarnation ef4f4a85 -> 1189e305 (seq restarts at 5; NOT a replay)
ENET-LAB3 REBOOT: peer 0x88ba incarnation ef4f4a85 -> 1189e305 (seq restarts at 5; NOT a replay)
ENET-LAB3 REBOOT: peer 0x88ba incarnation 1189e305 -> ef4f4a85 (seq restarts at 3367735; NOT a replay)
ENET-LAB3 PASS: t=1788364792.892s peers=1/1 validated=2 beat=80 loss=10103204 foreign=281 self=78 reboots=7 legacy=0
ENET-LAB3 REBOOT: peer 0x88ba incarnation 1189e305 -> ef4f4a85 (seq restarts at 3367735; NOT a replay)
ENET-LAB3 PASS: t=1788364792.892s peers=1/1 validated=2 beat=81 loss=13470938 foreign=281 self=78 reboots=8 legacy=0
ENET-LAB3 PASS: t=1788364793.094s peers=1/1 validated=2 beat=3 loss=13470938 foreign=281 self=79 reboots=8 legacy=0
ENET-LAB3 REBOOT: peer 0x88ba incarnation ef4f4a85 -> 1189e305 (seq restarts at 6; NOT a replay)
ENET-LAB3 REBOOT: peer 0x88ba incarnation ef4f4a85 -> 1189e305 (seq restarts at 6; NOT a replay)
ENET-LAB3 PASS: t=1788364793.096s peers=1/1 validated=2 beat=82 loss=13470943 foreign=281 self=79 reboots=9 legacy=0
ENET-LAB3 REBOOT: peer 0x88ba incarnation 1189e305 -> ef4f4a85 (seq restarts at 3367736; NOT a replay)
ENET-LAB3 REBOOT: peer 0x88ba incarnation 1189e305 -> ef4f4a85 (seq restarts at 3367736; NOT a replay)
ENET-LAB3 PASS: t=1788364793.096s peers=1/1 validated=2 beat=83 loss=16838678 foreign=281 self=79 reboots=10 legacy=0
ENET-LAB3 PASS: t=1788364793.298s peers=1/1 validated=2 beat=4 loss=16838678 foreign=281 self=80 reboots=10 legacy=0
ENET-LAB3 REBOOT: peer 0x88ba incarnation ef4f4a85 -> 1189e305 (seq restarts at 7; NOT a replay)
ENET-LAB3 REBOOT: peer 0x88ba incarnation ef4f4a85 -> 1189e305 (seq restarts at 7; NOT a replay)
ENET-LAB3 REBOOT: peer 0x88ba incarnation 1189e305 -> ef4f4a85 (seq restarts at 3367737; NOT a replay)
ENET-LAB3 PASS: t=1788364793.300s peers=1/1 validated=2 beat=84 loss=16838684 foreign=281 self=80 reboots=11 legacy=0
ENET-LAB3 REBOOT: peer 0x88ba incarnation 1189e305 -> ef4f4a85 (seq restarts at 3367737; NOT a replay)
ENET-LAB3 PASS: t=1788364793.301s peers=1/1 validated=2 beat=85 loss=20206420 foreign=281 self=80 reboots=12 legacy=0
ENET-LAB3 REBOOT: peer 0x88ba incarnation ef4f4a85 -> 1189e305 (seq restarts at 8; NOT a replay)
ENET-LAB3 PASS: t=1788364793.505s peers=1/1 validated=2 beat=86 loss=20206420 foreign=282 self=80 reboots=12 legacy=0
ENET-LAB3 PASS: t=1788364793.505s peers=1/1 validated=2 beat=5 loss=20206427 foreign=283 self=80 reboots=13 legacy=0
ENET-LAB3 REBOOT: peer 0x88ba incarnation ef4f4a85 -> 1189e305 (seq restarts at 8; NOT a replay)
ENET-LAB3 PASS: t=1788364793.506s peers=1/1 validated=2 beat=87 loss=20206427 foreign=282 self=80 reboots=13 legacy=0
ENET-LAB3 REBOOT: peer 0x88ba incarnation 1189e305 -> ef4f4a85 (seq restarts at 3367739; NOT a replay)
ENET-LAB3 REBOOT: peer 0x88ba incarnation 1189e305 -> ef4f4a85 (seq restarts at 3367739; NOT a replay)
ENET-LAB3 PASS: t=1788364793.708s peers=1/1 validated=2 beat=88 loss=23574165 foreign=298 self=82 reboots=14 legacy=0
ENET-LAB3 REBOOT: peer 0x88ba incarnation ef4f4a85 -> 1189e305 (seq restarts at 9; NOT a replay)
ENET-LAB3 REBOOT: peer 0x88ba incarnation ef4f4a85 -> 1189e305 (seq restarts at 9; NOT a replay)
ENET-LAB3 PASS: t=1788364793.709s peers=1/1 validated=2 beat=89 loss=23574173 foreign=298 self=82 reboots=15 legacy=0
ENET-LAB3 PASS: t=1788364793.714s peers=1/1 validated=2 beat=6 loss=23574173 foreign=298 self=82 reboots=15 legacy=0
ENET-LAB3 PASS: t=1788364793.932s peers=1/1 validated=2 beat=7 loss=23574173 foreign=317 self=82 reboots=15 legacy=0
ENET-LAB3 REBOOT: peer 0x88ba incarnation 1189e305 -> ef4f4a85 (seq restarts at 3367740; NOT a replay)
ENET-LAB3 REBOOT: peer 0x88ba incarnation 1189e305 -> ef4f4a85 (seq restarts at 3367740; NOT a replay)
ENET-LAB3 REBOOT: peer 0x88ba incarnation ef4f4a85 -> 1189e305 (seq restarts at 10; NOT a replay)
ENET-LAB3 PASS: t=1788364793.935s peers=1/1 validated=2 beat=90 loss=26941912 foreign=317 self=83 reboots=16 legacy=0
ENET-LAB3 REBOOT: peer 0x88ba incarnation ef4f4a85 -> 1189e305 (seq restarts at 10; NOT a replay)
ENET-LAB3 PASS: t=1788364793.936s peers=1/1 validated=2 beat=91 loss=26941921 foreign=317 self=83 reboots=17 legacy=0
ENET-LAB3 PASS: t=1788364794.146s peers=1/1 validated=2 beat=8 loss=26941921 foreign=329 self=84 reboots=17 legacy=0
ENET-LAB3 REBOOT: peer 0x88ba incarnation 1189e305 -> ef4f4a85 (seq restarts at 3367741; NOT a replay)
ENET-LAB3 REBOOT: peer 0x88ba incarnation 1189e305 -> ef4f4a85 (seq restarts at 3367741; NOT a replay)
ENET-LAB3 PASS: t=1788364794.338s peers=1/1 validated=2 beat=92 loss=30309661 foreign=343 self=84 reboots=18 legacy=0
ENET-LAB3 REBOOT: peer 0x88ba incarnation ef4f4a85 -> 1189e305 (seq restarts at 11; NOT a replay)
ENET-LAB3 REBOOT: peer 0x88ba incarnation ef4f4a85 -> 1189e305 (seq restarts at 11; NOT a replay)
ENET-LAB3 PASS: t=1788364794.340s peers=1/1 validated=2 beat=93 loss=30309671 foreign=343 self=84 reboots=19 legacy=0
ENET-LAB3 PASS: t=1788364794.366s peers=1/1 validated=2 beat=9 loss=30309671 foreign=344 self=85 reboots=19 legacy=0
ENET-LAB3 REBOOT: peer 0x88ba incarnation 1189e305 -> ef4f4a85 (seq restarts at 3367742; NOT a replay)
ENET-LAB3 PASS: t=1788364794.544s peers=1/1 validated=2 beat=94 loss=30309671 foreign=353 self=86 reboots=19 legacy=0
ENET-LAB3 REBOOT: peer 0x88ba incarnation 1189e305 -> ef4f4a85 (seq restarts at 3367742; NOT a replay)
ENET-LAB3 PASS: t=1788364794.545s peers=1/1 validated=2 beat=95 loss=33677412 foreign=353 self=86 reboots=20 legacy=0
ENET-LAB3 PASS: t=1788364794.575s peers=1/1 validated=2 beat=10 loss=33677412 foreign=354 self=86 reboots=20 legacy=0
ENET-LAB3 REBOOT: peer 0x88ba incarnation ef4f4a85 -> 1189e305 (seq restarts at 13; NOT a replay)
ENET-LAB3 REBOOT: peer 0x88ba incarnation ef4f4a85 -> 1189e305 (seq restarts at 13; NOT a replay)
ENET-LAB3 PASS: t=1788364794.748s peers=1/1 validated=2 beat=96 loss=33677424 foreign=369 self=86 reboots=21 legacy=0
ENET-LAB3 REBOOT: peer 0x88ba incarnation 1189e305 -> ef4f4a85 (seq restarts at 3367743; NOT a replay)
ENET-LAB3 REBOOT: peer 0x88ba incarnation 1189e305 -> ef4f4a85 (seq restarts at 3367743; NOT a replay)
ENET-LAB3 PASS: t=1788364794.749s peers=1/1 validated=2 beat=97 loss=37045166 foreign=369 self=86 reboots=22 legacy=0
ENET-LAB3 PASS: t=1788364794.794s peers=1/1 validated=2 beat=11 loss=37045166 foreign=373 self=87 reboots=22 legacy=0
ENET-LAB3 PASS: t=1788364795.062s peers=1/1 validated=2 beat=12 loss=37045166 foreign=385 self=88 reboots=22 legacy=0
ENET-LAB3 REBOOT: peer 0x88ba incarnation ef4f4a85 -> 1189e305 (seq restarts at 14; NOT a replay)
ENET-LAB3 PASS: t=1788364795.155s peers=1/1 validated=2 beat=98 loss=37045166 foreign=387 self=88 reboots=22 legacy=0
ENET-LAB3 REBOOT: peer 0x88ba incarnation ef4f4a85 -> 1189e305 (seq restarts at 14; NOT a replay)
ENET-LAB3 PASS: t=1788364795.156s peers=1/1 validated=2 beat=99 loss=37045179 foreign=387 self=88 reboots=23 legacy=0
ENET-LAB3 PASS: t=1788364795.358s peers=1/1 validated=2 beat=13 loss=37045179 foreign=387 self=90 reboots=23 legacy=0
ENET-LAB3 REBOOT: peer 0x88ba incarnation 1189e305 -> ef4f4a85 (seq restarts at 3367745; NOT a replay)
ENET-LAB3 PASS: t=1788364795.360s peers=1/1 validated=2 beat=100 loss=37045179 foreign=387 self=90 reboots=23 legacy=0
ENET-LAB3 REBOOT: peer 0x88ba incarnation 1189e305 -> ef4f4a85 (seq restarts at 3367745; NOT a replay)
ENET-LAB3 PASS: t=1788364795.360s peers=1/1 validated=2 beat=101 loss=40412923 foreign=387 self=90 reboots=24 legacy=0
ENET-LAB3 REBOOT: peer 0x88ba incarnation ef4f4a85 -> 1189e305 (seq restarts at 16; NOT a replay)
ENET-LAB3 REBOOT: peer 0x88ba incarnation ef4f4a85 -> 1189e305 (seq restarts at 16; NOT a replay)
ENET-LAB3 PASS: t=1788364795.564s peers=1/1 validated=2 beat=102 loss=40412938 foreign=392 self=90 reboots=25 legacy=0
ENET-LAB3 REBOOT: peer 0x88ba incarnation 1189e305 -> ef4f4a85 (seq restarts at 3367746; NOT a replay)
ENET-LAB3 REBOOT: peer 0x88ba incarnation 1189e305 -> ef4f4a85 (seq restarts at 3367746; NOT a replay)
ENET-LAB3 PASS: t=1788364795.566s peers=1/1 validated=2 beat=14 loss=43780683 foreign=392 self=91 reboots=26 legacy=0
ENET-LAB3 PASS: t=1788364795.566s peers=1/1 validated=2 beat=103 loss=43780683 foreign=392 self=90 reboots=26 legacy=0
ENET-LAB3 REBOOT: peer 0x88ba incarnation ef4f4a85 -> 1189e305 (seq restarts at 17; NOT a replay)
ENET-LAB3 REBOOT: peer 0x88ba incarnation ef4f4a85 -> 1189e305 (seq restarts at 17; NOT a replay)
ENET-LAB3 REBOOT: peer 0x88ba incarnation 1189e305 -> ef4f4a85 (seq restarts at 3367747; NOT a replay)
ENET-LAB3 PASS: t=1788364795.773s peers=1/1 validated=2 beat=104 loss=43780699 foreign=399 self=91 reboots=27 legacy=0
ENET-LAB3 PASS: t=1788364795.774s peers=1/1 validated=2 beat=15 loss=47148445 foreign=399 self=91 reboots=28 legacy=0
ENET-LAB3 REBOOT: peer 0x88ba incarnation 1189e305 -> ef4f4a85 (seq restarts at 3367747; NOT a replay)
ENET-LAB3 PASS: t=1788364795.775s peers=1/1 validated=2 beat=105 loss=47148445 foreign=399 self=91 reboots=28 legacy=0
ENET-LAB3 REBOOT: peer 0x88ba incarnation ef4f4a85 -> 1189e305 (seq restarts at 18; NOT a replay)
ENET-LAB3 REBOOT: peer 0x88ba incarnation ef4f4a85 -> 1189e305 (seq restarts at 18; NOT a replay)
ENET-LAB3 PASS: t=1788364795.981s peers=1/1 validated=2 beat=106 loss=47148462 foreign=411 self=92 reboots=29 legacy=0
ENET-LAB3 REBOOT: peer 0x88ba incarnation 1189e305 -> ef4f4a85 (seq restarts at 3367748; NOT a replay)
ENET-LAB3 REBOOT: peer 0x88ba incarnation 1189e305 -> ef4f4a85 (seq restarts at 3367748; NOT a replay)
ENET-LAB3 PASS: t=1788364795.983s peers=1/1 validated=2 beat=107 loss=50516209 foreign=411 self=92 reboots=30 legacy=0
ENET-LAB3 PASS: t=1788364795.983s peers=1/1 validated=2 beat=16 loss=50516209 foreign=411 self=93 reboots=30 legacy=0
ENET-LAB3 PASS: t=1788364796.187s peers=1/1 validated=2 beat=108 loss=50516209 foreign=411 self=94 reboots=30 legacy=0
ENET-LAB3 REBOOT: peer 0x88ba incarnation ef4f4a85 -> 1189e305 (seq restarts at 19; NOT a replay)
ENET-LAB3 REBOOT: peer 0x88ba incarnation ef4f4a85 -> 1189e305 (seq restarts at 19; NOT a replay)
ENET-LAB3 PASS: t=1788364796.188s peers=1/1 validated=2 beat=109 loss=50516227 foreign=411 self=94 reboots=31 legacy=0
ENET-LAB3 PASS: t=1788364796.389s peers=1/1 validated=2 beat=17 loss=50516227 foreign=411 self=94 reboots=31 legacy=0
ENET-LAB3 REBOOT: peer 0x88ba incarnation 1189e305 -> ef4f4a85 (seq restarts at 3367750; NOT a replay)
ENET-LAB3 REBOOT: peer 0x88ba incarnation 1189e305 -> ef4f4a85 (seq restarts at 3367750; NOT a replay)
ENET-LAB3 REBOOT: peer 0x88ba incarnation ef4f4a85 -> 1189e305 (seq restarts at 20; NOT a replay)
ENET-LAB3 PASS: t=1788364796.391s peers=1/1 validated=2 beat=110 loss=53883976 foreign=411 self=95 reboots=32 legacy=0
ENET-LAB3 REBOOT: peer 0x88ba incarnation ef4f4a85 -> 1189e305 (seq restarts at 20; NOT a replay)
ENET-LAB3 PASS: t=1788364796.391s peers=1/1 validated=2 beat=111 loss=53883995 foreign=411 self=95 reboots=33 legacy=0
ENET-LAB3 REBOOT: peer 0x88ba incarnation 1189e305 -> ef4f4a85 (seq restarts at 3367751; NOT a replay)
ENET-LAB3 REBOOT: peer 0x88ba incarnation 1189e305 -> ef4f4a85 (seq restarts at 3367751; NOT a replay)
ENET-LAB3 REBOOT: peer 0x88ba incarnation ef4f4a85 -> 1189e305 (seq restarts at 21; NOT a replay)
ENET-LAB3 PASS: t=1788364796.596s peers=1/1 validated=2 beat=112 loss=57251745 foreign=417 self=95 reboots=34 legacy=0
ENET-LAB3 REBOOT: peer 0x88ba incarnation ef4f4a85 -> 1189e305 (seq restarts at 21; NOT a replay)
ENET-LAB3 PASS: t=1788364796.598s peers=1/1 validated=2 beat=18 loss=57251765 foreign=417 self=96 reboots=35 legacy=0
ENET-LAB3 PASS: t=1788364796.598s peers=1/1 validated=2 beat=113 loss=57251765 foreign=417 self=95 reboots=35 legacy=0
ENET-LAB3 REBOOT: peer 0x88ba incarnation 1189e305 -> ef4f4a85 (seq restarts at 3367752; NOT a replay)
ENET-LAB3 REBOOT: peer 0x88ba incarnation 1189e305 -> ef4f4a85 (seq restarts at 3367752; NOT a replay)
ENET-LAB3 REBOOT: peer 0x88ba incarnation ef4f4a85 -> 1189e305 (seq restarts at 22; NOT a replay)
ENET-LAB3 PASS: t=1788364796.802s peers=1/1 validated=2 beat=114 loss=60619516 foreign=417 self=97 reboots=36 legacy=0
ENET-LAB3 REBOOT: peer 0x88ba incarnation ef4f4a85 -> 1189e305 (seq restarts at 22; NOT a replay)
ENET-LAB3 PASS: t=1788364796.803s peers=1/1 validated=2 beat=115 loss=60619537 foreign=417 self=97 reboots=37 legacy=0
ENET-LAB3 PASS: t=1788364796.817s peers=1/1 validated=2 beat=19 loss=60619537 foreign=418 self=97 reboots=37 legacy=0
ENET-LAB3 REBOOT: peer 0x88ba incarnation 1189e305 -> ef4f4a85 (seq restarts at 3367753; NOT a replay)
ENET-LAB3 REBOOT: peer 0x88ba incarnation 1189e305 -> ef4f4a85 (seq restarts at 3367753; NOT a replay)
ENET-LAB3 PASS: t=1788364797.006s peers=1/1 validated=2 beat=116 loss=63987289 foreign=427 self=97 reboots=38 legacy=0
ENET-LAB3 REBOOT: peer 0x88ba incarnation ef4f4a85 -> 1189e305 (seq restarts at 23; NOT a replay)
ENET-LAB3 REBOOT: peer 0x88ba incarnation ef4f4a85 -> 1189e305 (seq restarts at 23; NOT a replay)
ENET-LAB3 PASS: t=1788364797.007s peers=1/1 validated=2 beat=117 loss=63987311 foreign=427 self=97 reboots=39 legacy=0
ENET-LAB3 PASS: t=1788364797.208s peers=1/1 validated=2 beat=20 loss=63987311 foreign=427 self=99 reboots=39 legacy=0
ENET-LAB3 REBOOT: peer 0x88ba incarnation 1189e305 -> ef4f4a85 (seq restarts at 3367754; NOT a replay)
ENET-LAB3 REBOOT: peer 0x88ba incarnation 1189e305 -> ef4f4a85 (seq restarts at 3367754; NOT a replay)
ENET-LAB3 PASS: t=1788364797.210s peers=1/1 validated=2 beat=118 loss=67355064 foreign=427 self=99 reboots=40 legacy=0
ENET-LAB3 REBOOT: peer 0x88ba incarnation ef4f4a85 -> 1189e305 (seq restarts at 24; NOT a replay)
ENET-LAB3 REBOOT: peer 0x88ba incarnation ef4f4a85 -> 1189e305 (seq restarts at 24; NOT a replay)
ENET-LAB3 PASS: t=1788364797.210s peers=1/1 validated=2 beat=119 loss=67355087 foreign=427 self=99 reboots=41 legacy=0
ENET-LAB3 REBOOT: peer 0x88ba incarnation 1189e305 -> ef4f4a85 (seq restarts at 3367755; NOT a replay)
ENET-LAB3 REBOOT: peer 0x88ba incarnation 1189e305 -> ef4f4a85 (seq restarts at 3367755; NOT a replay)
ENET-LAB3 REBOOT: peer 0x88ba incarnation ef4f4a85 -> 1189e305 (seq restarts at 25; NOT a replay)
ENET-LAB3 PASS: t=1788364797.414s peers=1/1 validated=2 beat=120 loss=70722841 foreign=432 self=99 reboots=42 legacy=0
ENET-LAB3 REBOOT: peer 0x88ba incarnation ef4f4a85 -> 1189e305 (seq restarts at 25; NOT a replay)
ENET-LAB3 PASS: t=1788364797.415s peers=1/1 validated=2 beat=121 loss=70722865 foreign=432 self=99 reboots=43 legacy=0
ENET-LAB3 PASS: t=1788364797.415s peers=1/1 validated=2 beat=21 loss=70722865 foreign=432 self=100 reboots=43 legacy=0
ENET-LAB3 REBOOT: peer 0x88ba incarnation 1189e305 -> ef4f4a85 (seq restarts at 3367756; NOT a replay)
ENET-LAB3 PASS: t=1788364797.621s peers=1/1 validated=2 beat=122 loss=70722865 foreign=435 self=100 reboots=43 legacy=0
ENET-LAB3 REBOOT: peer 0x88ba incarnation 1189e305 -> ef4f4a85 (seq restarts at 3367756; NOT a replay)
ENET-LAB3 PASS: t=1788364797.621s peers=1/1 validated=2 beat=123 loss=74090620 foreign=435 self=100 reboots=44 legacy=0
ENET-LAB3 PASS: t=1788364797.621s peers=1/1 validated=2 beat=22 loss=74090620 foreign=435 self=101 reboots=44 legacy=0
ENET-LAB3 REBOOT: peer 0x88ba incarnation ef4f4a85 -> 1189e305 (seq restarts at 27; NOT a replay)
ENET-LAB3 PASS: t=1788364797.825s peers=1/1 validated=2 beat=124 loss=74090620 foreign=435 self=102 reboots=44 legacy=0
ENET-LAB3 REBOOT: peer 0x88ba incarnation ef4f4a85 -> 1189e305 (seq restarts at 27; NOT a replay)
ENET-LAB3 PASS: t=1788364797.825s peers=1/1 validated=2 beat=125 loss=74090646 foreign=435 self=102 reboots=45 legacy=0
ENET-LAB3 PASS: t=1788364797.845s peers=1/1 validated=2 beat=23 loss=74090646 foreign=436 self=102 reboots=45 legacy=0
ENET-LAB3 REBOOT: peer 0x88ba incarnation 1189e305 -> ef4f4a85 (seq restarts at 3367758; NOT a replay)
ENET-LAB3 PASS: t=1788364798.029s peers=1/1 validated=2 beat=126 loss=74090646 foreign=440 self=102 reboots=45 legacy=0
ENET-LAB3 REBOOT: peer 0x88ba incarnation 1189e305 -> ef4f4a85 (seq restarts at 3367758; NOT a replay)
ENET-LAB3 PASS: t=1788364798.030s peers=1/1 validated=2 beat=127 loss=77458403 foreign=440 self=102 reboots=46 legacy=0
ENET-LAB3 PASS: t=1788364798.078s peers=1/1 validated=2 beat=24 loss=77458403 foreign=441 self=103 reboots=46 legacy=0
ENET-LAB3 REBOOT: peer 0x88ba incarnation ef4f4a85 -> 1189e305 (seq restarts at 29; NOT a replay)
ENET-LAB3 REBOOT: peer 0x88ba incarnation ef4f4a85 -> 1189e305 (seq restarts at 29; NOT a replay)
ENET-LAB3 PASS: t=1788364798.237s peers=1/1 validated=2 beat=128 loss=77458431 foreign=442 self=103 reboots=47 legacy=0
ENET-LAB3 REBOOT: peer 0x88ba incarnation 1189e305 -> ef4f4a85 (seq restarts at 3367759; NOT a replay)
ENET-LAB3 REBOOT: peer 0x88ba incarnation 1189e305 -> ef4f4a85 (seq restarts at 3367759; NOT a replay)
ENET-LAB3 PASS: t=1788364798.237s peers=1/1 validated=2 beat=129 loss=80826189 foreign=442 self=103 reboots=48 legacy=0
ENET-LAB3 PASS: t=1788364798.439s peers=1/1 validated=2 beat=25 loss=80826189 foreign=442 self=105 reboots=48 legacy=0
ENET-LAB3 REBOOT: peer 0x88ba incarnation ef4f4a85 -> 1189e305 (seq restarts at 30; NOT a replay)
ENET-LAB3 PASS: t=1788364798.440s peers=1/1 validated=2 beat=130 loss=80826189 foreign=442 self=105 reboots=48 legacy=0
ENET-LAB3 REBOOT: peer 0x88ba incarnation ef4f4a85 -> 1189e305 (seq restarts at 30; NOT a replay)
ENET-LAB3 PASS: t=1788364798.441s peers=1/1 validated=2 beat=131 loss=80826218 foreign=442 self=105 reboots=49 legacy=0
ENET-LAB3 REBOOT: peer 0x88ba incarnation 1189e305 -> ef4f4a85 (seq restarts at 3367761; NOT a replay)
ENET-LAB3 REBOOT: peer 0x88ba incarnation 1189e305 -> ef4f4a85 (seq restarts at 3367761; NOT a replay)
ENET-LAB3 PASS: t=1788364798.645s peers=1/1 validated=2 beat=132 loss=84193978 foreign=443 self=105 reboots=50 legacy=0
ENET-LAB3 REBOOT: peer 0x88ba incarnation ef4f4a85 -> 1189e305 (seq restarts at 31; NOT a replay)
ENET-LAB3 REBOOT: peer 0x88ba incarnation ef4f4a85 -> 1189e305 (seq restarts at 31; NOT a replay)
ENET-LAB3 PASS: t=1788364798.646s peers=1/1 validated=2 beat=133 loss=84194008 foreign=443 self=105 reboots=51 legacy=0
ENET-LAB3 PASS: t=1788364798.646s peers=1/1 validated=2 beat=26 loss=84194008 foreign=443 self=106 reboots=51 legacy=0
ENET-LAB3 PASS: t=1788364798.851s peers=1/1 validated=2 beat=134 loss=84194008 foreign=444 self=106 reboots=51 legacy=0
ENET-LAB3 REBOOT: peer 0x88ba incarnation 1189e305 -> ef4f4a85 (seq restarts at 3367762; NOT a replay)
ENET-LAB3 REBOOT: peer 0x88ba incarnation 1189e305 -> ef4f4a85 (seq restarts at 3367762; NOT a replay)
ENET-LAB3 PASS: t=1788364798.852s peers=1/1 validated=2 beat=135 loss=87561769 foreign=444 self=106 reboots=52 legacy=0
ENET-LAB3 PASS: t=1788364798.852s peers=1/1 validated=2 beat=27 loss=87561769 foreign=444 self=107 reboots=52 legacy=0
ENET-LAB3 REBOOT: peer 0x88ba incarnation ef4f4a85 -> 1189e305 (seq restarts at 33; NOT a replay)
ENET-LAB3 REBOOT: peer 0x88ba incarnation ef4f4a85 -> 1189e305 (seq restarts at 33; NOT a replay)
ENET-LAB3 PASS: t=1788364799.056s peers=1/1 validated=2 beat=136 loss=87561801 foreign=444 self=108 reboots=53 legacy=0
ENET-LAB3 REBOOT: peer 0x88ba incarnation 1189e305 -> ef4f4a85 (seq restarts at 3367763; NOT a replay)
ENET-LAB3 REBOOT: peer 0x88ba incarnation 1189e305 -> ef4f4a85 (seq restarts at 3367763; NOT a replay)
ENET-LAB3 PASS: t=1788364799.057s peers=1/1 validated=2 beat=137 loss=90929563 foreign=444 self=108 reboots=54 legacy=0
ENET-LAB3 PASS: t=1788364799.149s peers=1/1 validated=2 beat=28 loss=90929563 foreign=445 self=108 reboots=54 legacy=0
ENET-LAB3 REBOOT: peer 0x88ba incarnation ef4f4a85 -> 1189e305 (seq restarts at 34; NOT a replay)
ENET-LAB3 REBOOT: peer 0x88ba incarnation ef4f4a85 -> 1189e305 (seq restarts at 34; NOT a replay)
ENET-LAB3 REBOOT: peer 0x88ba incarnation 1189e305 -> ef4f4a85 (seq restarts at 3367764; NOT a replay)
ENET-LAB3 PASS: t=1788364799.261s peers=1/1 validated=2 beat=138 loss=90929596 foreign=445 self=108 reboots=55 legacy=0
ENET-LAB3 REBOOT: peer 0x88ba incarnation 1189e305 -> ef4f4a85 (seq restarts at 3367764; NOT a replay)
ENET-LAB3 PASS: t=1788364799.261s peers=1/1 validated=2 beat=139 loss=94297359 foreign=445 self=108 reboots=56 legacy=0
ENET-LAB3 PASS: t=1788364799.461s peers=1/1 validated=2 beat=29 loss=94297359 foreign=446 self=109 reboots=56 legacy=0
ENET-LAB3 REBOOT: peer 0x88ba incarnation ef4f4a85 -> 1189e305 (seq restarts at 35; NOT a replay)
ENET-LAB3 REBOOT: peer 0x88ba incarnation ef4f4a85 -> 1189e305 (seq restarts at 35; NOT a replay)
ENET-LAB3 REBOOT: peer 0x88ba incarnation 1189e305 -> ef4f4a85 (seq restarts at 3367765; NOT a replay)
ENET-LAB3 PASS: t=1788364799.464s peers=1/1 validated=2 beat=140 loss=94297393 foreign=446 self=110 reboots=57 legacy=0
ENET-LAB3 REBOOT: peer 0x88ba incarnation 1189e305 -> ef4f4a85 (seq restarts at 3367765; NOT a replay)
ENET-LAB3 PASS: t=1788364799.464s peers=1/1 validated=2 beat=141 loss=97665157 foreign=446 self=110 reboots=58 legacy=0
ENET-LAB3 PASS: t=1788364799.665s peers=1/1 validated=2 beat=30 loss=97665157 foreign=446 self=111 reboots=58 legacy=0
ENET-LAB3 PASS: t=1788364799.667s peers=1/1 validated=2 beat=142 loss=97665157 foreign=446 self=111 reboots=58 legacy=0
ENET-LAB3 REBOOT: peer 0x88ba incarnation ef4f4a85 -> 1189e305 (seq restarts at 36; NOT a replay)
ENET-LAB3 REBOOT: peer 0x88ba incarnation ef4f4a85 -> 1189e305 (seq restarts at 36; NOT a replay)
ENET-LAB3 PASS: t=1788364799.667s peers=1/1 validated=2 beat=143 loss=97665192 foreign=446 self=111 reboots=59 legacy=0
ENET-LAB3 REBOOT: peer 0x88ba incarnation 1189e305 -> ef4f4a85 (seq restarts at 3367767; NOT a replay)
ENET-LAB3 REBOOT: peer 0x88ba incarnation 1189e305 -> ef4f4a85 (seq restarts at 3367767; NOT a replay)
ENET-LAB3 PASS: t=1788364799.871s peers=1/1 validated=2 beat=144 loss=101032958 foreign=448 self=111 reboots=60 legacy=0
ENET-LAB3 REBOOT: peer 0x88ba incarnation ef4f4a85 -> 1189e305 (seq restarts at 37; NOT a replay)
ENET-LAB3 REBOOT: peer 0x88ba incarnation ef4f4a85 -> 1189e305 (seq restarts at 37; NOT a replay)
ENET-LAB3 PASS: t=1788364799.872s peers=1/1 validated=2 beat=145 loss=101032994 foreign=448 self=111 reboots=61 legacy=0
ENET-LAB3 PASS: t=1788364799.873s peers=1/1 validated=2 beat=31 loss=101032994 foreign=448 self=112 reboots=61 legacy=0
ENET-LAB3 REBOOT: peer 0x88ba incarnation 1189e305 -> ef4f4a85 (seq restarts at 3367768; NOT a replay)
ENET-LAB3 REBOOT: peer 0x88ba incarnation 1189e305 -> ef4f4a85 (seq restarts at 3367768; NOT a replay)
ENET-LAB3 PASS: t=1788364800.076s peers=1/1 validated=2 beat=146 loss=104400761 foreign=448 self=113 reboots=62 legacy=0
ENET-LAB3 REBOOT: peer 0x88ba incarnation ef4f4a85 -> 1189e305 (seq restarts at 38; NOT a replay)
ENET-LAB3 REBOOT: peer 0x88ba incarnation ef4f4a85 -> 1189e305 (seq restarts at 38; NOT a replay)
ENET-LAB3 PASS: t=1788364800.077s peers=1/1 validated=2 beat=147 loss=104400798 foreign=448 self=113 reboots=63 legacy=0
ENET-LAB3 PASS: t=1788364800.149s peers=1/1 validated=2 beat=32 loss=104400798 foreign=449 self=113 reboots=63 legacy=0
ENET-LAB3 REBOOT: peer 0x88ba incarnation 1189e305 -> ef4f4a85 (seq restarts at 3367769; NOT a replay)
ENET-LAB3 REBOOT: peer 0x88ba incarnation 1189e305 -> ef4f4a85 (seq restarts at 3367769; NOT a replay)
ENET-LAB3 PASS: t=1788364800.281s peers=1/1 validated=2 beat=148 loss=107768566 foreign=450 self=113 reboots=64 legacy=0
ENET-LAB3 REBOOT: peer 0x88ba incarnation ef4f4a85 -> 1189e305 (seq restarts at 39; NOT a replay)
ENET-LAB3 PASS: t=1788364800.282s peers=1/1 validated=2 beat=149 loss=107768604 foreign=450 self=113 reboots=65 legacy=0
ENET-LAB3 REBOOT: peer 0x88ba incarnation ef4f4a85 -> 1189e305 (seq restarts at 39; NOT a replay)
ENET-LAB3 PASS: t=1788364800.484s peers=1/1 validated=2 beat=33 loss=107768604 foreign=450 self=115 reboots=65 legacy=0
ENET-LAB3 REBOOT: peer 0x88ba incarnation 1189e305 -> ef4f4a85 (seq restarts at 3367770; NOT a replay)
ENET-LAB3 PASS: t=1788364800.485s peers=1/1 validated=2 beat=150 loss=111136373 foreign=450 self=115 reboots=66 legacy=0
ENET-LAB3 REBOOT: peer 0x88ba incarnation 1189e305 -> ef4f4a85 (seq restarts at 3367770; NOT a replay)
ENET-LAB3 REBOOT: peer 0x88ba incarnation ef4f4a85 -> 1189e305 (seq restarts at 40; NOT a replay)
ENET-LAB3 PASS: t=1788364800.486s peers=1/1 validated=2 beat=151 loss=111136412 foreign=450 self=115 reboots=67 legacy=0
ENET-LAB3 REBOOT: peer 0x88ba incarnation ef4f4a85 -> 1189e305 (seq restarts at 40; NOT a replay)
ENET-LAB3 REBOOT: peer 0x88ba incarnation 1189e305 -> ef4f4a85 (seq restarts at 3367771; NOT a replay)
ENET-LAB3 REBOOT: peer 0x88ba incarnation 1189e305 -> ef4f4a85 (seq restarts at 3367771; NOT a replay)
ENET-LAB3 PASS: t=1788364800.690s peers=1/1 validated=2 beat=152 loss=114504182 foreign=451 self=115 reboots=68 legacy=0
ENET-LAB3 REBOOT: peer 0x88ba incarnation ef4f4a85 -> 1189e305 (seq restarts at 41; NOT a replay)
ENET-LAB3 PASS: t=1788364800.691s peers=1/1 validated=2 beat=153 loss=114504222 foreign=451 self=115 reboots=69 legacy=0
ENET-LAB3 REBOOT: peer 0x88ba incarnation ef4f4a85 -> 1189e305 (seq restarts at 41; NOT a replay)
ENET-LAB3 PASS: t=1788364800.691s peers=1/1 validated=2 beat=34 loss=114504222 foreign=451 self=116 reboots=69 legacy=0
ENET-LAB3 PASS: t=1788364800.897s peers=1/1 validated=2 beat=154 loss=114504222 foreign=452 self=116 reboots=69 legacy=0
ENET-LAB3 REBOOT: peer 0x88ba incarnation 1189e305 -> ef4f4a85 (seq restarts at 3367772; NOT a replay)
ENET-LAB3 REBOOT: peer 0x88ba incarnation 1189e305 -> ef4f4a85 (seq restarts at 3367772; NOT a replay)
ENET-LAB3 PASS: t=1788364800.898s peers=1/1 validated=2 beat=155 loss=117871993 foreign=452 self=116 reboots=70 legacy=0
ENET-LAB3 PASS: t=1788364800.898s peers=1/1 validated=2 beat=35 loss=117871993 foreign=452 self=117 reboots=70 legacy=0
ENET-LAB3 REBOOT: peer 0x88ba incarnation ef4f4a85 -> 1189e305 (seq restarts at 43; NOT a replay)
ENET-LAB3 REBOOT: peer 0x88ba incarnation ef4f4a85 -> 1189e305 (seq restarts at 43; NOT a replay)
ENET-LAB3 PASS: t=1788364801.104s peers=1/1 validated=2 beat=156 loss=117872035 foreign=463 self=117 reboots=71 legacy=0
ENET-LAB3 REBOOT: peer 0x88ba incarnation 1189e305 -> ef4f4a85 (seq restarts at 3367773; NOT a replay)
ENET-LAB3 REBOOT: peer 0x88ba incarnation 1189e305 -> ef4f4a85 (seq restarts at 3367773; NOT a replay)
ENET-LAB3 PASS: t=1788364801.105s peers=1/1 validated=2 beat=157 loss=121239807 foreign=463 self=117 reboots=72 legacy=0
ENET-LAB3 PASS: t=1788364801.105s peers=1/1 validated=2 beat=36 loss=121239807 foreign=463 self=118 reboots=72 legacy=0
ENET-LAB3 REBOOT: peer 0x88ba incarnation ef4f4a85 -> 1189e305 (seq restarts at 44; NOT a replay)
ENET-LAB3 REBOOT: peer 0x88ba incarnation ef4f4a85 -> 1189e305 (seq restarts at 44; NOT a replay)
ENET-LAB3 PASS: t=1788364801.311s peers=1/1 validated=2 beat=158 loss=121239850 foreign=466 self=118 reboots=73 legacy=0
ENET-LAB3 REBOOT: peer 0x88ba incarnation 1189e305 -> ef4f4a85 (seq restarts at 3367774; NOT a replay)
ENET-LAB3 REBOOT: peer 0x88ba incarnation 1189e305 -> ef4f4a85 (seq restarts at 3367774; NOT a replay)
ENET-LAB3 PASS: t=1788364801.312s peers=1/1 validated=2 beat=159 loss=124607623 foreign=466 self=118 reboots=74 legacy=0
ENET-LAB3 PASS: t=1788364801.312s peers=1/1 validated=2 beat=37 loss=124607623 foreign=466 self=119 reboots=74 legacy=0
ENET-LAB3 PASS: t=1788364801.518s peers=1/1 validated=2 beat=160 loss=124607623 foreign=468 self=120 reboots=74 legacy=0
ENET-LAB3 REBOOT: peer 0x88ba incarnation ef4f4a85 -> 1189e305 (seq restarts at 45; NOT a replay)
ENET-LAB3 REBOOT: peer 0x88ba incarnation ef4f4a85 -> 1189e305 (seq restarts at 45; NOT a replay)
ENET-LAB3 PASS: t=1788364801.519s peers=1/1 validated=2 beat=161 loss=124607667 foreign=468 self=120 reboots=75 legacy=0
ENET-LAB3 PASS: t=1788364801.519s peers=1/1 validated=2 beat=38 loss=124607667 foreign=468 self=120 reboots=75 legacy=0
ENET-LAB3 REBOOT: peer 0x88ba incarnation 1189e305 -> ef4f4a85 (seq restarts at 3367776; NOT a replay)
ENET-LAB3 PASS: t=1788364801.724s peers=1/1 validated=2 beat=162 loss=124607667 foreign=470 self=120 reboots=75 legacy=0
ENET-LAB3 REBOOT: peer 0x88ba incarnation 1189e305 -> ef4f4a85 (seq restarts at 3367776; NOT a replay)
ENET-LAB3 PASS: t=1788364801.725s peers=1/1 validated=2 beat=39 loss=127975442 foreign=470 self=121 reboots=76 legacy=0
ENET-LAB3 PASS: t=1788364801.725s peers=1/1 validated=2 beat=163 loss=127975442 foreign=470 self=120 reboots=76 legacy=0
ENET-LAB3 REBOOT: peer 0x88ba incarnation ef4f4a85 -> 1189e305 (seq restarts at 47; NOT a replay)
ENET-LAB3 REBOOT: peer 0x88ba incarnation ef4f4a85 -> 1189e305 (seq restarts at 47; NOT a replay)
ENET-LAB3 REBOOT: peer 0x88ba incarnation 1189e305 -> ef4f4a85 (seq restarts at 3367777; NOT a replay)
ENET-LAB3 PASS: t=1788364801.932s peers=1/1 validated=2 beat=164 loss=127975488 foreign=476 self=121 reboots=77 legacy=0
ENET-LAB3 PASS: t=1788364801.932s peers=1/1 validated=2 beat=40 loss=131343264 foreign=476 self=121 reboots=78 legacy=0
ENET-LAB3 REBOOT: peer 0x88ba incarnation 1189e305 -> ef4f4a85 (seq restarts at 3367777; NOT a replay)
ENET-LAB3 PASS: t=1788364801.933s peers=1/1 validated=2 beat=165 loss=131343264 foreign=476 self=121 reboots=78 legacy=0
ENET-LAB3 REBOOT: peer 0x88ba incarnation ef4f4a85 -> 1189e305 (seq restarts at 48; NOT a replay)
ENET-LAB3 REBOOT: peer 0x88ba incarnation ef4f4a85 -> 1189e305 (seq restarts at 48; NOT a replay)
ENET-LAB3 REBOOT: peer 0x88ba incarnation 1189e305 -> ef4f4a85 (seq restarts at 3367778; NOT a replay)
ENET-LAB3 PASS: t=1788364802.139s peers=1/1 validated=2 beat=166 loss=131343311 foreign=490 self=122 reboots=79 legacy=0
ENET-LAB3 PASS: t=1788364802.140s peers=1/1 validated=2 beat=41 loss=134711088 foreign=490 self=122 reboots=80 legacy=0
ENET-LAB3 REBOOT: peer 0x88ba incarnation 1189e305 -> ef4f4a85 (seq restarts at 3367778; NOT a replay)
ENET-LAB3 PASS: t=1788364802.140s peers=1/1 validated=2 beat=167 loss=134711088 foreign=490 self=122 reboots=80 legacy=0
ENET-LAB3 REBOOT: peer 0x88ba incarnation ef4f4a85 -> 1189e305 (seq restarts at 49; NOT a replay)
ENET-LAB3 REBOOT: peer 0x88ba incarnation ef4f4a85 -> 1189e305 (seq restarts at 49; NOT a replay)
ENET-LAB3 PASS: t=1788364802.346s peers=1/1 validated=2 beat=168 loss=134711136 foreign=493 self=123 reboots=81 legacy=0
ENET-LAB3 REBOOT: peer 0x88ba incarnation 1189e305 -> ef4f4a85 (seq restarts at 3367779; NOT a replay)
ENET-LAB3 REBOOT: peer 0x88ba incarnation 1189e305 -> ef4f4a85 (seq restarts at 3367779; NOT a replay)
ENET-LAB3 PASS: t=1788364802.347s peers=1/1 validated=2 beat=42 loss=138078914 foreign=493 self=124 reboots=82 legacy=0
ENET-LAB3 PASS: t=1788364802.348s peers=1/1 validated=2 beat=169 loss=138078914 foreign=493 self=123 reboots=82 legacy=0
ENET-LAB3 REBOOT: peer 0x88ba incarnation ef4f4a85 -> 1189e305 (seq restarts at 50; NOT a replay)
ENET-LAB3 REBOOT: peer 0x88ba incarnation 1189e305 -> ef4f4a85 (seq restarts at 3367780; NOT a replay)
ENET-LAB3 REBOOT: peer 0x88ba incarnation ef4f4a85 -> 1189e305 (seq restarts at 50; NOT a replay)
ENET-LAB3 PASS: t=1788364802.554s peers=1/1 validated=2 beat=170 loss=138078963 foreign=494 self=124 reboots=83 legacy=0
ENET-LAB3 PASS: t=1788364802.554s peers=1/1 validated=2 beat=43 loss=141446742 foreign=494 self=124 reboots=84 legacy=0
ENET-LAB3 REBOOT: peer 0x88ba incarnation 1189e305 -> ef4f4a85 (seq restarts at 3367780; NOT a replay)
ENET-LAB3 PASS: t=1788364802.555s peers=1/1 validated=2 beat=171 loss=141446742 foreign=494 self=124 reboots=84 legacy=0
ENET-LAB3 REBOOT: peer 0x88ba incarnation ef4f4a85 -> 1189e305 (seq restarts at 51; NOT a replay)
ENET-LAB3 PASS: t=1788364802.761s peers=1/1 validated=2 beat=172 loss=141446742 foreign=498 self=125 reboots=84 legacy=0
ENET-LAB3 PASS: t=1788364802.762s peers=1/1 validated=2 beat=44 loss=141446792 foreign=498 self=125 reboots=85 legacy=0
ENET-LAB3 REBOOT: peer 0x88ba incarnation ef4f4a85 -> 1189e305 (seq restarts at 51; NOT a replay)
ENET-LAB3 PASS: t=1788364802.762s peers=1/1 validated=2 beat=173 loss=141446792 foreign=498 self=125 reboots=85 legacy=0
ENET-LAB3 REBOOT: peer 0x88ba incarnation 1189e305 -> ef4f4a85 (seq restarts at 3367782; NOT a replay)
ENET-LAB3 PASS: t=1788364802.966s peers=1/1 validated=2 beat=174 loss=141446792 foreign=498 self=127 reboots=85 legacy=0
ENET-LAB3 REBOOT: peer 0x88ba incarnation 1189e305 -> ef4f4a85 (seq restarts at 3367782; NOT a replay)
ENET-LAB3 PASS: t=1788364802.967s peers=1/1 validated=2 beat=175 loss=144814573 foreign=498 self=127 reboots=86 legacy=0
ENET-LAB3 PASS: t=1788364803.095s peers=1/1 validated=2 beat=45 loss=144814573 foreign=499 self=127 reboots=86 legacy=0
ENET-LAB3 REBOOT: peer 0x88ba incarnation ef4f4a85 -> 1189e305 (seq restarts at 53; NOT a replay)
ENET-LAB3 PASS: t=1788364803.170s peers=1/1 validated=2 beat=176 loss=144814573 foreign=500 self=127 reboots=86 legacy=0
ENET-LAB3 REBOOT: peer 0x88ba incarnation ef4f4a85 -> 1189e305 (seq restarts at 53; NOT a replay)
ENET-LAB3 PASS: t=1788364803.171s peers=1/1 validated=2 beat=177 loss=144814625 foreign=500 self=127 reboots=87 legacy=0
ENET-LAB3 PASS: t=1788364803.340s peers=1/1 validated=2 beat=46 loss=144814625 foreign=502 self=128 reboots=87 legacy=0
ENET-LAB3 REBOOT: peer 0x88ba incarnation 1189e305 -> ef4f4a85 (seq restarts at 3367784; NOT a replay)
ENET-LAB3 PASS: t=1788364803.377s peers=1/1 validated=2 beat=178 loss=144814625 foreign=502 self=128 reboots=87 legacy=0
ENET-LAB3 REBOOT: peer 0x88ba incarnation 1189e305 -> ef4f4a85 (seq restarts at 3367784; NOT a replay)
ENET-LAB3 PASS: t=1788364803.378s peers=1/1 validated=2 beat=179 loss=148182408 foreign=502 self=128 reboots=88 legacy=0
ENET-LAB3 REBOOT: peer 0x88ba incarnation ef4f4a85 -> 1189e305 (seq restarts at 55; NOT a replay)
ENET-LAB3 PASS: t=1788364803.584s peers=1/1 validated=2 beat=180 loss=148182408 foreign=504 self=129 reboots=88 legacy=0
ENET-LAB3 PASS: t=1788364803.585s peers=1/1 validated=2 beat=47 loss=148182462 foreign=504 self=129 reboots=89 legacy=0
ENET-LAB3 REBOOT: peer 0x88ba incarnation ef4f4a85 -> 1189e305 (seq restarts at 55; NOT a replay)
ENET-LAB3 PASS: t=1788364803.585s peers=1/1 validated=2 beat=181 loss=148182462 foreign=504 self=129 reboots=89 legacy=0
ENET-LAB3 REBOOT: peer 0x88ba incarnation 1189e305 -> ef4f4a85 (seq restarts at 3367786; NOT a replay)
ENET-LAB3 REBOOT: peer 0x88ba incarnation 1189e305 -> ef4f4a85 (seq restarts at 3367786; NOT a replay)
ENET-LAB3 REBOOT: peer 0x88ba incarnation ef4f4a85 -> 1189e305 (seq restarts at 56; NOT a replay)
ENET-LAB3 PASS: t=1788364803.792s peers=1/1 validated=2 beat=182 loss=151550247 foreign=506 self=130 reboots=90 legacy=0
ENET-LAB3 PASS: t=1788364803.793s peers=1/1 validated=2 beat=48 loss=151550302 foreign=506 self=130 reboots=91 legacy=0
ENET-LAB3 REBOOT: peer 0x88ba incarnation ef4f4a85 -> 1189e305 (seq restarts at 56; NOT a replay)
ENET-LAB3 PASS: t=1788364803.793s peers=1/1 validated=2 beat=183 loss=151550302 foreign=506 self=130 reboots=91 legacy=0
ENET-LAB3 REBOOT: peer 0x88ba incarnation 1189e305 -> ef4f4a85 (seq restarts at 3367787; NOT a replay)
ENET-LAB3 PASS: t=1788364803.997s peers=1/1 validated=2 beat=184 loss=151550302 foreign=506 self=132 reboots=91 legacy=0
ENET-LAB3 REBOOT: peer 0x88ba incarnation 1189e305 -> ef4f4a85 (seq restarts at 3367787; NOT a replay)
ENET-LAB3 PASS: t=1788364803.998s peers=1/1 validated=2 beat=185 loss=154918088 foreign=506 self=132 reboots=92 legacy=0
ENET-LAB3 PASS: t=1788364804.120s peers=1/1 validated=2 beat=49 loss=154918088 foreign=507 self=132 reboots=92 legacy=0
ENET-LAB3 REBOOT: peer 0x88ba incarnation ef4f4a85 -> 1189e305 (seq restarts at 58; NOT a replay)
ENET-LAB3 PASS: t=1788364804.201s peers=1/1 validated=2 beat=186 loss=154918088 foreign=507 self=132 reboots=92 legacy=0
ENET-LAB3 REBOOT: peer 0x88ba incarnation ef4f4a85 -> 1189e305 (seq restarts at 58; NOT a replay)
ENET-LAB3 PASS: t=1788364804.202s peers=1/1 validated=2 beat=187 loss=154918145 foreign=507 self=132 reboots=93 legacy=0
ENET-LAB3 PASS: t=1788364804.352s peers=1/1 validated=2 beat=50 loss=154918145 foreign=508 self=133 reboots=93 legacy=0
ENET-LAB3 REBOOT: peer 0x88ba incarnation 1189e305 -> ef4f4a85 (seq restarts at 3367789; NOT a replay)
ENET-LAB3 REBOOT: peer 0x88ba incarnation 1189e305 -> ef4f4a85 (seq restarts at 3367789; NOT a replay)
ENET-LAB3 PASS: t=1788364804.408s peers=1/1 validated=2 beat=188 loss=158285933 foreign=508 self=133 reboots=94 legacy=0
ENET-LAB3 REBOOT: peer 0x88ba incarnation ef4f4a85 -> 1189e305 (seq restarts at 59; NOT a replay)
ENET-LAB3 REBOOT: peer 0x88ba incarnation ef4f4a85 -> 1189e305 (seq restarts at 59; NOT a replay)
ENET-LAB3 PASS: t=1788364804.409s peers=1/1 validated=2 beat=189 loss=158285991 foreign=508 self=133 reboots=95 legacy=0
ENET-LAB3 PASS: t=1788364804.610s peers=1/1 validated=2 beat=51 loss=158285991 foreign=509 self=134 reboots=95 legacy=0
ENET-LAB3 REBOOT: peer 0x88ba incarnation 1189e305 -> ef4f4a85 (seq restarts at 3367790; NOT a replay)
ENET-LAB3 PASS: t=1788364804.612s peers=1/1 validated=2 beat=190 loss=158285991 foreign=509 self=135 reboots=95 legacy=0
ENET-LAB3 REBOOT: peer 0x88ba incarnation 1189e305 -> ef4f4a85 (seq restarts at 3367790; NOT a replay)
ENET-LAB3 PASS: t=1788364804.613s peers=1/1 validated=2 beat=191 loss=161653780 foreign=509 self=135 reboots=96 legacy=0
ENET-LAB3 REBOOT: peer 0x88ba incarnation ef4f4a85 -> 1189e305 (seq restarts at 61; NOT a replay)
ENET-LAB3 REBOOT: peer 0x88ba incarnation ef4f4a85 -> 1189e305 (seq restarts at 61; NOT a replay)
ENET-LAB3 PASS: t=1788364804.816s peers=1/1 validated=2 beat=192 loss=161653840 foreign=512 self=135 reboots=97 legacy=0
ENET-LAB3 REBOOT: peer 0x88ba incarnation 1189e305 -> ef4f4a85 (seq restarts at 3367791; NOT a replay)
ENET-LAB3 REBOOT: peer 0x88ba incarnation 1189e305 -> ef4f4a85 (seq restarts at 3367791; NOT a replay)
ENET-LAB3 PASS: t=1788364804.818s peers=1/1 validated=2 beat=193 loss=165021630 foreign=512 self=135 reboots=98 legacy=0
ENET-LAB3 PASS: t=1788364804.818s peers=1/1 validated=2 beat=52 loss=165021630 foreign=512 self=136 reboots=98 legacy=0
ENET-LAB3 REBOOT: peer 0x88ba incarnation ef4f4a85 -> 1189e305 (seq restarts at 62; NOT a replay)
ENET-LAB3 REBOOT: peer 0x88ba incarnation ef4f4a85 -> 1189e305 (seq restarts at 62; NOT a replay)
ENET-LAB3 PASS: t=1788364805.022s peers=1/1 validated=2 beat=194 loss=165021691 foreign=512 self=137 reboots=99 legacy=0
ENET-LAB3 REBOOT: peer 0x88ba incarnation 1189e305 -> ef4f4a85 (seq restarts at 3367792; NOT a replay)
ENET-LAB3 REBOOT: peer 0x88ba incarnation 1189e305 -> ef4f4a85 (seq restarts at 3367792; NOT a replay)
ENET-LAB3 PASS: t=1788364805.022s peers=1/1 validated=2 beat=195 loss=168389482 foreign=512 self=137 reboots=100 legacy=0
ENET-LAB3 PASS: t=1788364805.136s peers=1/1 validated=2 beat=53 loss=168389482 foreign=513 self=137 reboots=100 legacy=0
ENET-LAB3 REBOOT: peer 0x88ba incarnation ef4f4a85 -> 1189e305 (seq restarts at 63; NOT a replay)
ENET-LAB3 PASS: t=1788364805.225s peers=1/1 validated=2 beat=196 loss=168389482 foreign=514 self=138 reboots=100 legacy=0
ENET-LAB3 REBOOT: peer 0x88ba incarnation ef4f4a85 -> 1189e305 (seq restarts at 63; NOT a replay)
ENET-LAB3 PASS: t=1788364805.225s peers=1/1 validated=2 beat=197 loss=168389544 foreign=514 self=138 reboots=101 legacy=0
ENET-LAB3 PASS: t=1788364805.426s peers=1/1 validated=2 beat=54 loss=168389544 foreign=514 self=139 reboots=101 legacy=0
ENET-LAB3 REBOOT: peer 0x88ba incarnation 1189e305 -> ef4f4a85 (seq restarts at 3367794; NOT a replay)
ENET-LAB3 REBOOT: peer 0x88ba incarnation 1189e305 -> ef4f4a85 (seq restarts at 3367794; NOT a replay)
ENET-LAB3 PASS: t=1788364805.429s peers=1/1 validated=2 beat=198 loss=171757337 foreign=514 self=139 reboots=102 legacy=0
ENET-LAB3 REBOOT: peer 0x88ba incarnation ef4f4a85 -> 1189e305 (seq restarts at 64; NOT a replay)
ENET-LAB3 REBOOT: peer 0x88ba incarnation ef4f4a85 -> 1189e305 (seq restarts at 64; NOT a replay)
ENET-LAB3 PASS: t=1788364805.429s peers=1/1 validated=2 beat=199 loss=171757400 foreign=514 self=139 reboots=103 legacy=0
ENET-LAB3 PASS: t=1788364805.631s peers=1/1 validated=2 beat=55 loss=171757400 foreign=514 self=140 reboots=103 legacy=0
ENET-LAB3 REBOOT: peer 0x88ba incarnation 1189e305 -> ef4f4a85 (seq restarts at 3367795; NOT a replay)
ENET-LAB3 REBOOT: peer 0x88ba incarnation ef4f4a85 -> 1189e305 (seq restarts at 65; NOT a replay)
ENET-LAB3 REBOOT: peer 0x88ba incarnation 1189e305 -> ef4f4a85 (seq restarts at 3367795; NOT a replay)
ENET-LAB3 PASS: t=1788364805.633s peers=1/1 validated=2 beat=200 loss=175125194 foreign=514 self=140 reboots=104 legacy=0
ENET-LAB3 REBOOT: peer 0x88ba incarnation ef4f4a85 -> 1189e305 (seq restarts at 65; NOT a replay)
ENET-LAB3 PASS: t=1788364805.633s peers=1/1 validated=2 beat=201 loss=175125258 foreign=514 self=140 reboots=105 legacy=0
ENET-LAB3 PASS: t=1788364805.834s peers=1/1 validated=2 beat=56 loss=175125258 foreign=514 self=141 reboots=105 legacy=0
ENET-LAB3 REBOOT: peer 0x88ba incarnation 1189e305 -> ef4f4a85 (seq restarts at 3367796; NOT a replay)
ENET-LAB3 REBOOT: peer 0x88ba incarnation ef4f4a85 -> 1189e305 (seq restarts at 66; NOT a replay)
ENET-LAB3 REBOOT: peer 0x88ba incarnation 1189e305 -> ef4f4a85 (seq restarts at 3367796; NOT a replay)
ENET-LAB3 PASS: t=1788364805.836s peers=1/1 validated=2 beat=202 loss=178493053 foreign=514 self=141 reboots=106 legacy=0
ENET-LAB3 REBOOT: peer 0x88ba incarnation ef4f4a85 -> 1189e305 (seq restarts at 66; NOT a replay)
ENET-LAB3 PASS: t=1788364805.837s peers=1/1 validated=2 beat=203 loss=178493118 foreign=514 self=141 reboots=107 legacy=0
ENET-LAB3 REBOOT: peer 0x88ba incarnation 1189e305 -> ef4f4a85 (seq restarts at 3367797; NOT a replay)
ENET-LAB3 REBOOT: peer 0x88ba incarnation 1189e305 -> ef4f4a85 (seq restarts at 3367797; NOT a replay)
ENET-LAB3 PASS: t=1788364806.040s peers=1/1 validated=2 beat=204 loss=181860914 foreign=518 self=141 reboots=108 legacy=0
ENET-LAB3 REBOOT: peer 0x88ba incarnation ef4f4a85 -> 1189e305 (seq restarts at 67; NOT a replay)
ENET-LAB3 PASS: t=1788364806.041s peers=1/1 validated=2 beat=57 loss=181860980 foreign=518 self=142 reboots=109 legacy=0
ENET-LAB3 REBOOT: peer 0x88ba incarnation ef4f4a85 -> 1189e305 (seq restarts at 67; NOT a replay)
ENET-LAB3 PASS: t=1788364806.042s peers=1/1 validated=2 beat=205 loss=181860980 foreign=518 self=141 reboots=109 legacy=0
ENET-LAB3 REBOOT: peer 0x88ba incarnation 1189e305 -> ef4f4a85 (seq restarts at 3367798; NOT a replay)
ENET-LAB3 REBOOT: peer 0x88ba incarnation 1189e305 -> ef4f4a85 (seq restarts at 3367798; NOT a replay)
ENET-LAB3 REBOOT: peer 0x88ba incarnation ef4f4a85 -> 1189e305 (seq restarts at 68; NOT a replay)
ENET-LAB3 PASS: t=1788364806.248s peers=1/1 validated=2 beat=206 loss=185228777 foreign=520 self=142 reboots=110 legacy=0
ENET-LAB3 PASS: t=1788364806.248s peers=1/1 validated=2 beat=58 loss=185228844 foreign=520 self=143 reboots=111 legacy=0
ENET-LAB3 REBOOT: peer 0x88ba incarnation ef4f4a85 -> 1189e305 (seq restarts at 68; NOT a replay)
ENET-LAB3 PASS: t=1788364806.249s peers=1/1 validated=2 beat=207 loss=185228844 foreign=520 self=142 reboots=111 legacy=0
ENET-LAB3 REBOOT: peer 0x88ba incarnation 1189e305 -> ef4f4a85 (seq restarts at 3367799; NOT a replay)
ENET-LAB3 REBOOT: peer 0x88ba incarnation 1189e305 -> ef4f4a85 (seq restarts at 3367799; NOT a replay)
ENET-LAB3 REBOOT: peer 0x88ba incarnation ef4f4a85 -> 1189e305 (seq restarts at 69; NOT a replay)
ENET-LAB3 PASS: t=1788364806.455s peers=1/1 validated=2 beat=208 loss=188596642 foreign=521 self=143 reboots=112 legacy=0
ENET-LAB3 PASS: t=1788364806.455s peers=1/1 validated=2 beat=59 loss=188596710 foreign=521 self=144 reboots=113 legacy=0
ENET-LAB3 REBOOT: peer 0x88ba incarnation ef4f4a85 -> 1189e305 (seq restarts at 69; NOT a replay)
ENET-LAB3 PASS: t=1788364806.456s peers=1/1 validated=2 beat=209 loss=188596710 foreign=521 self=143 reboots=113 legacy=0
ENET-LAB3 REBOOT: peer 0x88ba incarnation 1189e305 -> ef4f4a85 (seq restarts at 3367800; NOT a replay)
ENET-LAB3 REBOOT: peer 0x88ba incarnation 1189e305 -> ef4f4a85 (seq restarts at 3367800; NOT a replay)
ENET-LAB3 REBOOT: peer 0x88ba incarnation ef4f4a85 -> 1189e305 (seq restarts at 70; NOT a replay)
ENET-LAB3 PASS: t=1788364806.662s peers=1/1 validated=2 beat=210 loss=191964509 foreign=522 self=144 reboots=114 legacy=0
ENET-LAB3 PASS: t=1788364806.663s peers=1/1 validated=2 beat=60 loss=191964578 foreign=522 self=145 reboots=115 legacy=0
ENET-LAB3 REBOOT: peer 0x88ba incarnation ef4f4a85 -> 1189e305 (seq restarts at 70; NOT a replay)
ENET-LAB3 PASS: t=1788364806.663s peers=1/1 validated=2 beat=211 loss=191964578 foreign=522 self=144 reboots=115 legacy=0
ENET-LAB3 REBOOT: peer 0x88ba incarnation 1189e305 -> ef4f4a85 (seq restarts at 3367801; NOT a replay)
ENET-LAB3 REBOOT: peer 0x88ba incarnation 1189e305 -> ef4f4a85 (seq restarts at 3367801; NOT a replay)
ENET-LAB3 PASS: t=1788364806.866s peers=1/1 validated=2 beat=212 loss=195332378 foreign=522 self=146 reboots=116 legacy=0
ENET-LAB3 REBOOT: peer 0x88ba incarnation ef4f4a85 -> 1189e305 (seq restarts at 71; NOT a replay)
ENET-LAB3 REBOOT: peer 0x88ba incarnation ef4f4a85 -> 1189e305 (seq restarts at 71; NOT a replay)
ENET-LAB3 PASS: t=1788364806.867s peers=1/1 validated=2 beat=213 loss=195332448 foreign=522 self=146 reboots=117 legacy=0
ENET-LAB3 PASS: t=1788364807.030s peers=1/1 validated=2 beat=61 loss=195332448 foreign=523 self=146 reboots=117 legacy=0
ENET-LAB3 PASS: t=1788364807.070s peers=1/1 validated=2 beat=214 loss=195332448 foreign=524 self=146 reboots=117 legacy=0
ENET-LAB3 REBOOT: peer 0x88ba incarnation 1189e305 -> ef4f4a85 (seq restarts at 3367802; NOT a replay)
ENET-LAB3 REBOOT: peer 0x88ba incarnation 1189e305 -> ef4f4a85 (seq restarts at 3367802; NOT a replay)
ENET-LAB3 PASS: t=1788364807.071s peers=1/1 validated=2 beat=215 loss=198700249 foreign=524 self=146 reboots=118 legacy=0
ENET-LAB3 PASS: t=1788364807.272s peers=1/1 validated=2 beat=62 loss=198700249 foreign=524 self=148 reboots=118 legacy=0
ENET-LAB3 REBOOT: peer 0x88ba incarnation ef4f4a85 -> 1189e305 (seq restarts at 73; NOT a replay)
ENET-LAB3 PASS: t=1788364807.274s peers=1/1 validated=2 beat=216 loss=198700249 foreign=524 self=148 reboots=118 legacy=0
ENET-LAB3 REBOOT: peer 0x88ba incarnation ef4f4a85 -> 1189e305 (seq restarts at 73; NOT a replay)
ENET-LAB3 PASS: t=1788364807.275s peers=1/1 validated=2 beat=217 loss=198700321 foreign=524 self=148 reboots=119 legacy=0
ENET-LAB3 REBOOT: peer 0x88ba incarnation 1189e305 -> ef4f4a85 (seq restarts at 3367804; NOT a replay)
ENET-LAB3 REBOOT: peer 0x88ba incarnation 1189e305 -> ef4f4a85 (seq restarts at 3367804; NOT a replay)
ENET-LAB3 REBOOT: peer 0x88ba incarnation ef4f4a85 -> 1189e305 (seq restarts at 74; NOT a replay)
ENET-LAB3 PASS: t=1788364807.479s peers=1/1 validated=2 beat=218 loss=202068124 foreign=538 self=148 reboots=120 legacy=0
ENET-LAB3 REBOOT: peer 0x88ba incarnation ef4f4a85 -> 1189e305 (seq restarts at 74; NOT a replay)
ENET-LAB3 PASS: t=1788364807.479s peers=1/1 validated=2 beat=63 loss=202068197 foreign=538 self=149 reboots=121 legacy=0
ENET-LAB3 PASS: t=1788364807.480s peers=1/1 validated=2 beat=219 loss=202068197 foreign=538 self=148 reboots=121 legacy=0
ENET-LAB3 PASS: t=1788364807.685s peers=1/1 validated=2 beat=220 loss=202068197 foreign=539 self=149 reboots=121 legacy=0
ENET-LAB3 REBOOT: peer 0x88ba incarnation 1189e305 -> ef4f4a85 (seq restarts at 3367805; NOT a replay)
ENET-LAB3 REBOOT: peer 0x88ba incarnation 1189e305 -> ef4f4a85 (seq restarts at 3367805; NOT a replay)
ENET-LAB3 PASS: t=1788364807.686s peers=1/1 validated=2 beat=221 loss=205436001 foreign=539 self=149 reboots=122 legacy=0
ENET-LAB3 PASS: t=1788364807.686s peers=1/1 validated=2 beat=64 loss=205436001 foreign=539 self=150 reboots=122 legacy=0
ENET-LAB3 PASS: t=1788364807.892s peers=1/1 validated=2 beat=222 loss=205436001 foreign=540 self=150 reboots=122 legacy=0
ENET-LAB3 REBOOT: peer 0x88ba incarnation ef4f4a85 -> 1189e305 (seq restarts at 76; NOT a replay)
ENET-LAB3 REBOOT: peer 0x88ba incarnation ef4f4a85 -> 1189e305 (seq restarts at 76; NOT a replay)
ENET-LAB3 PASS: t=1788364807.893s peers=1/1 validated=2 beat=65 loss=205436076 foreign=540 self=151 reboots=123 legacy=0
ENET-LAB3 PASS: t=1788364807.893s peers=1/1 validated=2 beat=223 loss=205436076 foreign=540 self=150 reboots=123 legacy=0
ENET-LAB3 REBOOT: peer 0x88ba incarnation 1189e305 -> ef4f4a85 (seq restarts at 3367807; NOT a replay)
ENET-LAB3 REBOOT: peer 0x88ba incarnation 1189e305 -> ef4f4a85 (seq restarts at 3367807; NOT a replay)
ENET-LAB3 REBOOT: peer 0x88ba incarnation ef4f4a85 -> 1189e305 (seq restarts at 77; NOT a replay)
ENET-LAB3 PASS: t=1788364808.100s peers=1/1 validated=2 beat=224 loss=208803882 foreign=541 self=151 reboots=124 legacy=0
ENET-LAB3 REBOOT: peer 0x88ba incarnation ef4f4a85 -> 1189e305 (seq restarts at 77; NOT a replay)
ENET-LAB3 PASS: t=1788364808.100s peers=1/1 validated=2 beat=66 loss=208803958 foreign=541 self=151 reboots=125 legacy=0
ENET-LAB3 PASS: t=1788364808.101s peers=1/1 validated=2 beat=225 loss=208803958 foreign=541 self=151 reboots=125 legacy=0
ENET-LAB3 REBOOT: peer 0x88ba incarnation 1189e305 -> ef4f4a85 (seq restarts at 3367808; NOT a replay)
ENET-LAB3 REBOOT: peer 0x88ba incarnation 1189e305 -> ef4f4a85 (seq restarts at 3367808; NOT a replay)
ENET-LAB3 PASS: t=1788364808.304s peers=1/1 validated=2 beat=226 loss=212171765 foreign=541 self=153 reboots=126 legacy=0
ENET-LAB3 REBOOT: peer 0x88ba incarnation ef4f4a85 -> 1189e305 (seq restarts at 78; NOT a replay)
ENET-LAB3 REBOOT: peer 0x88ba incarnation ef4f4a85 -> 1189e305 (seq restarts at 78; NOT a replay)
ENET-LAB3 PASS: t=1788364808.305s peers=1/1 validated=2 beat=227 loss=212171842 foreign=541 self=153 reboots=127 legacy=0
ENET-LAB3 PASS: t=1788364808.507s peers=1/1 validated=2 beat=67 loss=212171842 foreign=541 self=153 reboots=127 legacy=0
ENET-LAB3 REBOOT: peer 0x88ba incarnation 1189e305 -> ef4f4a85 (seq restarts at 3367809; NOT a replay)
ENET-LAB3 REBOOT: peer 0x88ba incarnation 1189e305 -> ef4f4a85 (seq restarts at 3367809; NOT a replay)
ENET-LAB3 REBOOT: peer 0x88ba incarnation ef4f4a85 -> 1189e305 (seq restarts at 79; NOT a replay)
ENET-LAB3 PASS: t=1788364808.509s peers=1/1 validated=2 beat=228 loss=215539650 foreign=541 self=154 reboots=128 legacy=0
ENET-LAB3 REBOOT: peer 0x88ba incarnation ef4f4a85 -> 1189e305 (seq restarts at 79; NOT a replay)
ENET-LAB3 PASS: t=1788364808.510s peers=1/1 validated=2 beat=229 loss=215539728 foreign=541 self=154 reboots=129 legacy=0
ENET-LAB3 PASS: t=1788364808.713s peers=1/1 validated=2 beat=230 loss=215539728 foreign=542 self=154 reboots=129 legacy=0
ENET-LAB3 REBOOT: peer 0x88ba incarnation 1189e305 -> ef4f4a85 (seq restarts at 3367810; NOT a replay)
ENET-LAB3 REBOOT: peer 0x88ba incarnation 1189e305 -> ef4f4a85 (seq restarts at 3367810; NOT a replay)
ENET-LAB3 PASS: t=1788364808.715s peers=1/1 validated=2 beat=231 loss=218907537 foreign=542 self=154 reboots=130 legacy=0
ENET-LAB3 PASS: t=1788364808.715s peers=1/1 validated=2 beat=68 loss=218907537 foreign=542 self=155 reboots=130 legacy=0
ENET-LAB3 PASS: t=1788364808.921s peers=1/1 validated=2 beat=232 loss=218907537 foreign=543 self=155 reboots=130 legacy=0
ENET-LAB3 REBOOT: peer 0x88ba incarnation ef4f4a85 -> 1189e305 (seq restarts at 81; NOT a replay)
ENET-LAB3 REBOOT: peer 0x88ba incarnation ef4f4a85 -> 1189e305 (seq restarts at 81; NOT a replay)
ENET-LAB3 PASS: t=1788364808.922s peers=1/1 validated=2 beat=233 loss=218907617 foreign=543 self=155 reboots=131 legacy=0
ENET-LAB3 PASS: t=1788364808.922s peers=1/1 validated=2 beat=69 loss=218907617 foreign=543 self=156 reboots=131 legacy=0
ENET-LAB3 PASS: t=1788364809.126s peers=1/1 validated=2 beat=234 loss=218907617 foreign=543 self=157 reboots=131 legacy=0
ENET-LAB3 REBOOT: peer 0x88ba incarnation 1189e305 -> ef4f4a85 (seq restarts at 3367812; NOT a replay)
ENET-LAB3 REBOOT: peer 0x88ba incarnation 1189e305 -> ef4f4a85 (seq restarts at 3367812; NOT a replay)
ENET-LAB3 PASS: t=1788364809.127s peers=1/1 validated=2 beat=235 loss=222275428 foreign=543 self=157 reboots=132 legacy=0
ENET-LAB3 PASS: t=1788364809.236s peers=1/1 validated=2 beat=70 loss=222275428 foreign=546 self=157 reboots=132 legacy=0
ENET-LAB3 PASS: t=1788364809.330s peers=1/1 validated=2 beat=236 loss=222275428 foreign=548 self=157 reboots=132 legacy=0
ENET-LAB3 REBOOT: peer 0x88ba incarnation ef4f4a85 -> 1189e305 (seq restarts at 83; NOT a replay)
ENET-LAB3 REBOOT: peer 0x88ba incarnation ef4f4a85 -> 1189e305 (seq restarts at 83; NOT a replay)
ENET-LAB3 PASS: t=1788364809.331s peers=1/1 validated=2 beat=237 loss=222275510 foreign=548 self=157 reboots=133 legacy=0
ENET-LAB3 PASS: t=1788364809.534s peers=1/1 validated=2 beat=71 loss=222275510 foreign=548 self=159 reboots=133 legacy=0
ENET-LAB3 REBOOT: peer 0x88ba incarnation 1189e305 -> ef4f4a85 (seq restarts at 3367814; NOT a replay)
ENET-LAB3 REBOOT: peer 0x88ba incarnation 1189e305 -> ef4f4a85 (seq restarts at 3367814; NOT a replay)
ENET-LAB3 REBOOT: peer 0x88ba incarnation ef4f4a85 -> 1189e305 (seq restarts at 84; NOT a replay)
ENET-LAB3 PASS: t=1788364809.535s peers=1/1 validated=2 beat=238 loss=225643323 foreign=548 self=159 reboots=134 legacy=0
ENET-LAB3 REBOOT: peer 0x88ba incarnation ef4f4a85 -> 1189e305 (seq restarts at 84; NOT a replay)
ENET-LAB3 PASS: t=1788364809.536s peers=1/1 validated=2 beat=239 loss=225643406 foreign=548 self=159 reboots=135 legacy=0
ENET-LAB3 PASS: t=1788364809.739s peers=1/1 validated=2 beat=240 loss=225643406 foreign=552 self=159 reboots=135 legacy=0
ENET-LAB3 REBOOT: peer 0x88ba incarnation 1189e305 -> ef4f4a85 (seq restarts at 3367815; NOT a replay)
ENET-LAB3 REBOOT: peer 0x88ba incarnation 1189e305 -> ef4f4a85 (seq restarts at 3367815; NOT a replay)
ENET-LAB3 PASS: t=1788364809.740s peers=1/1 validated=2 beat=72 loss=229011220 foreign=552 self=159 reboots=136 legacy=0
ENET-LAB3 PASS: t=1788364809.740s peers=1/1 validated=2 beat=241 loss=229011220 foreign=552 self=159 reboots=136 legacy=0
ENET-LAB3 PASS: t=1788364809.946s peers=1/1 validated=2 beat=242 loss=229011220 foreign=553 self=160 reboots=136 legacy=0
ENET-LAB3 REBOOT: peer 0x88ba incarnation ef4f4a85 -> 1189e305 (seq restarts at 86; NOT a replay)
ENET-LAB3 PASS: t=1788364809.947s peers=1/1 validated=2 beat=73 loss=229011305 foreign=553 self=160 reboots=137 legacy=0
ENET-LAB3 REBOOT: peer 0x88ba incarnation ef4f4a85 -> 1189e305 (seq restarts at 86; NOT a replay)
ENET-LAB3 PASS: t=1788364809.948s peers=1/1 validated=2 beat=243 loss=229011305 foreign=553 self=160 reboots=137 legacy=0
ENET-LAB3 REBOOT: peer 0x88ba incarnation 1189e305 -> ef4f4a85 (seq restarts at 3367817; NOT a replay)
ENET-LAB3 REBOOT: peer 0x88ba incarnation 1189e305 -> ef4f4a85 (seq restarts at 3367817; NOT a replay)
ENET-LAB3 PASS: t=1788364810.152s peers=1/1 validated=2 beat=244 loss=232379121 foreign=553 self=162 reboots=138 legacy=0
ENET-LAB3 REBOOT: peer 0x88ba incarnation ef4f4a85 -> 1189e305 (seq restarts at 87; NOT a replay)
ENET-LAB3 REBOOT: peer 0x88ba incarnation ef4f4a85 -> 1189e305 (seq restarts at 87; NOT a replay)
ENET-LAB3 PASS: t=1788364810.153s peers=1/1 validated=2 beat=245 loss=232379207 foreign=553 self=162 reboots=139 legacy=0
ENET-LAB3 PASS: t=1788364810.256s peers=1/1 validated=2 beat=74 loss=232379207 foreign=555 self=162 reboots=139 legacy=0
ENET-LAB3 REBOOT: peer 0x88ba incarnation 1189e305 -> ef4f4a85 (seq restarts at 3367818; NOT a replay)
ENET-LAB3 REBOOT: peer 0x88ba incarnation 1189e305 -> ef4f4a85 (seq restarts at 3367818; NOT a replay)
ENET-LAB3 PASS: t=1788364810.356s peers=1/1 validated=2 beat=246 loss=235747024 foreign=558 self=162 reboots=140 legacy=0
ENET-LAB3 REBOOT: peer 0x88ba incarnation ef4f4a85 -> 1189e305 (seq restarts at 88; NOT a replay)
ENET-LAB3 REBOOT: peer 0x88ba incarnation ef4f4a85 -> 1189e305 (seq restarts at 88; NOT a replay)
ENET-LAB3 PASS: t=1788364810.358s peers=1/1 validated=2 beat=247 loss=235747111 foreign=558 self=162 reboots=141 legacy=0
ENET-LAB3 PASS: t=1788364810.482s peers=1/1 validated=2 beat=75 loss=235747111 foreign=559 self=163 reboots=141 legacy=0
ENET-LAB3 REBOOT: peer 0x88ba incarnation 1189e305 -> ef4f4a85 (seq restarts at 3367819; NOT a replay)
ENET-LAB3 REBOOT: peer 0x88ba incarnation 1189e305 -> ef4f4a85 (seq restarts at 3367819; NOT a replay)
ENET-LAB3 PASS: t=1788364810.564s peers=1/1 validated=2 beat=248 loss=239114929 foreign=559 self=163 reboots=142 legacy=0
ENET-LAB3 REBOOT: peer 0x88ba incarnation ef4f4a85 -> 1189e305 (seq restarts at 89; NOT a replay)
ENET-LAB3 REBOOT: peer 0x88ba incarnation ef4f4a85 -> 1189e305 (seq restarts at 89; NOT a replay)
ENET-LAB3 PASS: t=1788364810.565s peers=1/1 validated=2 beat=249 loss=239115017 foreign=559 self=163 reboots=143 legacy=0
ENET-LAB3 PASS: t=1788364810.692s peers=1/1 validated=2 beat=76 loss=239115017 foreign=560 self=164 reboots=143 legacy=0
ENET-LAB3 PASS: t=1788364810.770s peers=1/1 validated=2 beat=250 loss=239115017 foreign=560 self=164 reboots=143 legacy=0
ENET-LAB3 REBOOT: peer 0x88ba incarnation 1189e305 -> ef4f4a85 (seq restarts at 3367820; NOT a replay)
ENET-LAB3 REBOOT: peer 0x88ba incarnation 1189e305 -> ef4f4a85 (seq restarts at 3367820; NOT a replay)
ENET-LAB3 PASS: t=1788364810.772s peers=1/1 validated=2 beat=251 loss=242482836 foreign=560 self=164 reboots=144 legacy=0
ENET-LAB3 PASS: t=1788364810.974s peers=1/1 validated=2 beat=77 loss=242482836 foreign=560 self=166 reboots=144 legacy=0
ENET-LAB3 PASS: t=1788364810.975s peers=1/1 validated=2 beat=252 loss=242482836 foreign=560 self=166 reboots=144 legacy=0
ENET-LAB3 REBOOT: peer 0x88ba incarnation ef4f4a85 -> 1189e305 (seq restarts at 91; NOT a replay)
ENET-LAB3 REBOOT: peer 0x88ba incarnation ef4f4a85 -> 1189e305 (seq restarts at 91; NOT a replay)
ENET-LAB3 PASS: t=1788364810.976s peers=1/1 validated=2 beat=253 loss=242482926 foreign=560 self=166 reboots=145 legacy=0
ENET-LAB3 REBOOT: peer 0x88ba incarnation 1189e305 -> ef4f4a85 (seq restarts at 3367822; NOT a replay)
ENET-LAB3 REBOOT: peer 0x88ba incarnation 1189e305 -> ef4f4a85 (seq restarts at 3367822; NOT a replay)
ENET-LAB3 PASS: t=1788364811.180s peers=1/1 validated=2 beat=254 loss=245850747 foreign=561 self=166 reboots=146 legacy=0
ENET-LAB3 REBOOT: peer 0x88ba incarnation ef4f4a85 -> 1189e305 (seq restarts at 92; NOT a replay)
ENET-LAB3 PASS: t=1788364811.181s peers=1/1 validated=2 beat=78 loss=245850838 foreign=561 self=166 reboots=147 legacy=0
ENET-LAB3 REBOOT: peer 0x88ba incarnation ef4f4a85 -> 1189e305 (seq restarts at 92; NOT a replay)
ENET-LAB3 PASS: t=1788364811.182s peers=1/1 validated=2 beat=255 loss=245850838 foreign=561 self=166 reboots=147 legacy=0
ENET-LAB3 PASS: t=1788364811.387s peers=1/1 validated=2 beat=256 loss=245850838 foreign=562 self=167 reboots=147 legacy=0
ENET-LAB3 REBOOT: peer 0x88ba incarnation 1189e305 -> ef4f4a85 (seq restarts at 3367823; NOT a replay)
ENET-LAB3 REBOOT: peer 0x88ba incarnation 1189e305 -> ef4f4a85 (seq restarts at 3367823; NOT a replay)
ENET-LAB3 PASS: t=1788364811.389s peers=1/1 validated=2 beat=257 loss=249218660 foreign=562 self=167 reboots=148 legacy=0
ENET-LAB3 PASS: t=1788364811.389s peers=1/1 validated=2 beat=79 loss=249218660 foreign=562 self=168 reboots=148 legacy=0
ENET-LAB3 PASS: t=1788364811.593s peers=1/1 validated=2 beat=80 loss=249218660 foreign=563 self=168 reboots=148 legacy=0
ENET-LAB3 REBOOT: peer 0x88ba incarnation ef4f4a85 -> 1189e305 (seq restarts at 94; NOT a replay)
ENET-LAB3 REBOOT: peer 0x88ba incarnation ef4f4a85 -> 1189e305 (seq restarts at 94; NOT a replay)
ENET-LAB3 REBOOT: peer 0x88ba incarnation 1189e305 -> ef4f4a85 (seq restarts at 3367824; NOT a replay)
ENET-LAB3 PASS: t=1788364811.596s peers=1/1 validated=2 beat=258 loss=249218753 foreign=563 self=169 reboots=149 legacy=0
ENET-LAB3 REBOOT: peer 0x88ba incarnation 1189e305 -> ef4f4a85 (seq restarts at 3367824; NOT a replay)
ENET-LAB3 PASS: t=1788364811.597s peers=1/1 validated=2 beat=259 loss=252586576 foreign=563 self=169 reboots=150 legacy=0
ENET-LAB3 REBOOT: peer 0x88ba incarnation ef4f4a85 -> 1189e305 (seq restarts at 95; NOT a replay)
ENET-LAB3 REBOOT: peer 0x88ba incarnation ef4f4a85 -> 1189e305 (seq restarts at 95; NOT a replay)
ENET-LAB3 PASS: t=1788364811.799s peers=1/1 validated=2 beat=260 loss=252586670 foreign=565 self=169 reboots=151 legacy=0
ENET-LAB3 REBOOT: peer 0x88ba incarnation 1189e305 -> ef4f4a85 (seq restarts at 3367825; NOT a replay)
ENET-LAB3 REBOOT: peer 0x88ba incarnation 1189e305 -> ef4f4a85 (seq restarts at 3367825; NOT a replay)
ENET-LAB3 PASS: t=1788364811.801s peers=1/1 validated=2 beat=261 loss=255954494 foreign=565 self=169 reboots=152 legacy=0
ENET-LAB3 PASS: t=1788364811.802s peers=1/1 validated=2 beat=81 loss=255954494 foreign=565 self=170 reboots=152 legacy=0
ENET-LAB3 PASS: t=1788364812.005s peers=1/1 validated=2 beat=262 loss=255954494 foreign=565 self=171 reboots=152 legacy=0
ENET-LAB3 REBOOT: peer 0x88ba incarnation ef4f4a85 -> 1189e305 (seq restarts at 96; NOT a replay)
ENET-LAB3 REBOOT: peer 0x88ba incarnation ef4f4a85 -> 1189e305 (seq restarts at 96; NOT a replay)
ENET-LAB3 PASS: t=1788364812.006s peers=1/1 validated=2 beat=263 loss=255954589 foreign=565 self=171 reboots=153 legacy=0
ENET-LAB3 PASS: t=1788364812.132s peers=1/1 validated=2 beat=82 loss=255954589 foreign=566 self=171 reboots=153 legacy=0
ENET-LAB3 REBOOT: peer 0x88ba incarnation 1189e305 -> ef4f4a85 (seq restarts at 3367827; NOT a replay)
ENET-LAB3 REBOOT: peer 0x88ba incarnation 1189e305 -> ef4f4a85 (seq restarts at 3367827; NOT a replay)
ENET-LAB3 PASS: t=1788364812.210s peers=1/1 validated=2 beat=264 loss=259322415 foreign=566 self=171 reboots=154 legacy=0
ENET-LAB3 REBOOT: peer 0x88ba incarnation ef4f4a85 -> 1189e305 (seq restarts at 97; NOT a replay)
ENET-LAB3 REBOOT: peer 0x88ba incarnation ef4f4a85 -> 1189e305 (seq restarts at 97; NOT a replay)
ENET-LAB3 PASS: t=1788364812.211s peers=1/1 validated=2 beat=265 loss=259322511 foreign=566 self=171 reboots=155 legacy=0
ENET-LAB3 PASS: t=1788364812.363s peers=1/1 validated=2 beat=83 loss=259322511 foreign=567 self=172 reboots=155 legacy=0
ENET-LAB3 PASS: t=1788364812.417s peers=1/1 validated=2 beat=266 loss=259322511 foreign=567 self=172 reboots=155 legacy=0
ENET-LAB3 REBOOT: peer 0x88ba incarnation 1189e305 -> ef4f4a85 (seq restarts at 3367828; NOT a replay)
ENET-LAB3 REBOOT: peer 0x88ba incarnation 1189e305 -> ef4f4a85 (seq restarts at 3367828; NOT a replay)
ENET-LAB3 PASS: t=1788364812.418s peers=1/1 validated=2 beat=267 loss=262690338 foreign=567 self=172 reboots=156 legacy=0
ENET-LAB3 PASS: t=1788364812.620s peers=1/1 validated=2 beat=84 loss=262690338 foreign=567 self=174 reboots=156 legacy=0
ENET-LAB3 PASS: t=1788364812.622s peers=1/1 validated=2 beat=268 loss=262690338 foreign=567 self=174 reboots=156 legacy=0
ENET-LAB3 REBOOT: peer 0x88ba incarnation ef4f4a85 -> 1189e305 (seq restarts at 99; NOT a replay)
ENET-LAB3 REBOOT: peer 0x88ba incarnation ef4f4a85 -> 1189e305 (seq restarts at 99; NOT a replay)
ENET-LAB3 PASS: t=1788364812.623s peers=1/1 validated=2 beat=269 loss=262690436 foreign=567 self=174 reboots=157 legacy=0
ENET-LAB3 PASS: t=1788364812.826s peers=1/1 validated=2 beat=270 loss=262690436 foreign=571 self=174 reboots=157 legacy=0
ENET-LAB3 REBOOT: peer 0x88ba incarnation 1189e305 -> ef4f4a85 (seq restarts at 3367830; NOT a replay)
ENET-LAB3 REBOOT: peer 0x88ba incarnation 1189e305 -> ef4f4a85 (seq restarts at 3367830; NOT a replay)
ENET-LAB3 PASS: t=1788364812.827s peers=1/1 validated=2 beat=271 loss=266058265 foreign=571 self=174 reboots=158 legacy=0
ENET-LAB3 PASS: t=1788364812.827s peers=1/1 validated=2 beat=85 loss=266058265 foreign=571 self=175 reboots=158 legacy=0
ENET-LAB3 PASS: t=1788364813.030s peers=1/1 validated=2 beat=272 loss=266058265 foreign=571 self=176 reboots=158 legacy=0
ENET-LAB3 REBOOT: peer 0x88ba incarnation ef4f4a85 -> 1189e305 (seq restarts at 101; NOT a replay)
ENET-LAB3 REBOOT: peer 0x88ba incarnation ef4f4a85 -> 1189e305 (seq restarts at 101; NOT a replay)
ENET-LAB3 PASS: t=1788364813.031s peers=1/1 validated=2 beat=273 loss=266058365 foreign=571 self=176 reboots=159 legacy=0
ENET-LAB3 PASS: t=1788364813.232s peers=1/1 validated=2 beat=86 loss=266058365 foreign=571 self=177 reboots=159 legacy=0
ENET-LAB3 REBOOT: peer 0x88ba incarnation 1189e305 -> ef4f4a85 (seq restarts at 3367832; NOT a replay)
ENET-LAB3 REBOOT: peer 0x88ba incarnation 1189e305 -> ef4f4a85 (seq restarts at 3367832; NOT a replay)
ENET-LAB3 REBOOT: peer 0x88ba incarnation ef4f4a85 -> 1189e305 (seq restarts at 102; NOT a replay)
ENET-LAB3 PASS: t=1788364813.234s peers=1/1 validated=2 beat=274 loss=269426196 foreign=571 self=177 reboots=160 legacy=0
ENET-LAB3 REBOOT: peer 0x88ba incarnation ef4f4a85 -> 1189e305 (seq restarts at 102; NOT a replay)
ENET-LAB3 PASS: t=1788364813.235s peers=1/1 validated=2 beat=275 loss=269426297 foreign=571 self=177 reboots=161 legacy=0
ENET-LAB3 REBOOT: peer 0x88ba incarnation 1189e305 -> ef4f4a85 (seq restarts at 3367833; NOT a replay)
ENET-LAB3 REBOOT: peer 0x88ba incarnation 1189e305 -> ef4f4a85 (seq restarts at 3367833; NOT a replay)
ENET-LAB3 PASS: t=1788364813.438s peers=1/1 validated=2 beat=276 loss=272794129 foreign=573 self=177 reboots=162 legacy=0
ENET-LAB3 REBOOT: peer 0x88ba incarnation ef4f4a85 -> 1189e305 (seq restarts at 103; NOT a replay)
ENET-LAB3 PASS: t=1788364813.439s peers=1/1 validated=2 beat=277 loss=272794231 foreign=573 self=177 reboots=163 legacy=0
ENET-LAB3 REBOOT: peer 0x88ba incarnation ef4f4a85 -> 1189e305 (seq restarts at 103; NOT a replay)
ENET-LAB3 PASS: t=1788364813.439s peers=1/1 validated=2 beat=87 loss=272794231 foreign=573 self=178 reboots=163 legacy=0
ENET-LAB3 REBOOT: peer 0x88ba incarnation 1189e305 -> ef4f4a85 (seq restarts at 3367834; NOT a replay)
ENET-LAB3 REBOOT: peer 0x88ba incarnation 1189e305 -> ef4f4a85 (seq restarts at 3367834; NOT a replay)
ENET-LAB3 REBOOT: peer 0x88ba incarnation ef4f4a85 -> 1189e305 (seq restarts at 104; NOT a replay)
ENET-LAB3 PASS: t=1788364813.643s peers=1/1 validated=2 beat=278 loss=276162064 foreign=573 self=179 reboots=164 legacy=0
ENET-LAB3 REBOOT: peer 0x88ba incarnation ef4f4a85 -> 1189e305 (seq restarts at 104; NOT a replay)
ENET-LAB3 PASS: t=1788364813.644s peers=1/1 validated=2 beat=279 loss=276162167 foreign=573 self=179 reboots=165 legacy=0
ENET-LAB3 PASS: t=1788364813.693s peers=1/1 validated=2 beat=88 loss=276162167 foreign=574 self=179 reboots=165 legacy=0
ENET-LAB3 REBOOT: peer 0x88ba incarnation 1189e305 -> ef4f4a85 (seq restarts at 3367835; NOT a replay)
ENET-LAB3 REBOOT: peer 0x88ba incarnation 1189e305 -> ef4f4a85 (seq restarts at 3367835; NOT a replay)
ENET-LAB3 PASS: t=1788364813.847s peers=1/1 validated=2 beat=280 loss=279530001 foreign=575 self=179 reboots=166 legacy=0
ENET-LAB3 REBOOT: peer 0x88ba incarnation ef4f4a85 -> 1189e305 (seq restarts at 105; NOT a replay)
ENET-LAB3 REBOOT: peer 0x88ba incarnation ef4f4a85 -> 1189e305 (seq restarts at 105; NOT a replay)
ENET-LAB3 PASS: t=1788364813.848s peers=1/1 validated=2 beat=281 loss=279530105 foreign=575 self=179 reboots=167 legacy=0
ENET-LAB3 PASS: t=1788364813.925s peers=1/1 validated=2 beat=89 loss=279530105 foreign=577 self=180 reboots=167 legacy=0
ENET-LAB3 REBOOT: peer 0x88ba incarnation 1189e305 -> ef4f4a85 (seq restarts at 3367836; NOT a replay)
ENET-LAB3 REBOOT: peer 0x88ba incarnation 1189e305 -> ef4f4a85 (seq restarts at 3367836; NOT a replay)
ENET-LAB3 PASS: t=1788364814.054s peers=1/1 validated=2 beat=282 loss=282897940 foreign=577 self=180 reboots=168 legacy=0
ENET-LAB3 REBOOT: peer 0x88ba incarnation ef4f4a85 -> 1189e305 (seq restarts at 106; NOT a replay)
ENET-LAB3 REBOOT: peer 0x88ba incarnation ef4f4a85 -> 1189e305 (seq restarts at 106; NOT a replay)
ENET-LAB3 PASS: t=1788364814.055s peers=1/1 validated=2 beat=283 loss=282898045 foreign=577 self=180 reboots=169 legacy=0
ENET-LAB3 PASS: t=1788364814.257s peers=1/1 validated=2 beat=90 loss=282898045 foreign=577 self=182 reboots=169 legacy=0
ENET-LAB3 REBOOT: peer 0x88ba incarnation 1189e305 -> ef4f4a85 (seq restarts at 3367837; NOT a replay)
ENET-LAB3 REBOOT: peer 0x88ba incarnation ef4f4a85 -> 1189e305 (seq restarts at 107; NOT a replay)
ENET-LAB3 REBOOT: peer 0x88ba incarnation 1189e305 -> ef4f4a85 (seq restarts at 3367837; NOT a replay)
ENET-LAB3 PASS: t=1788364814.259s peers=1/1 validated=2 beat=284 loss=286265881 foreign=577 self=182 reboots=170 legacy=0
ENET-LAB3 REBOOT: peer 0x88ba incarnation ef4f4a85 -> 1189e305 (seq restarts at 107; NOT a replay)
ENET-LAB3 PASS: t=1788364814.259s peers=1/1 validated=2 beat=285 loss=286265987 foreign=577 self=182 reboots=171 legacy=0
ENET-LAB3 PASS: t=1788364814.460s peers=1/1 validated=2 beat=91 loss=286265987 foreign=577 self=183 reboots=171 legacy=0
ENET-LAB3 REBOOT: peer 0x88ba incarnation 1189e305 -> ef4f4a85 (seq restarts at 3367838; NOT a replay)
ENET-LAB3 REBOOT: peer 0x88ba incarnation 1189e305 -> ef4f4a85 (seq restarts at 3367838; NOT a replay)
ENET-LAB3 REBOOT: peer 0x88ba incarnation ef4f4a85 -> 1189e305 (seq restarts at 108; NOT a replay)
ENET-LAB3 PASS: t=1788364814.463s peers=1/1 validated=2 beat=286 loss=289633824 foreign=577 self=183 reboots=172 legacy=0
ENET-LAB3 REBOOT: peer 0x88ba incarnation ef4f4a85 -> 1189e305 (seq restarts at 108; NOT a replay)
ENET-LAB3 PASS: t=1788364814.463s peers=1/1 validated=2 beat=287 loss=289633931 foreign=577 self=183 reboots=173 legacy=0
ENET-LAB3 REBOOT: peer 0x88ba incarnation 1189e305 -> ef4f4a85 (seq restarts at 3367839; NOT a replay)
ENET-LAB3 REBOOT: peer 0x88ba incarnation 1189e305 -> ef4f4a85 (seq restarts at 3367839; NOT a replay)
ENET-LAB3 PASS: t=1788364814.666s peers=1/1 validated=2 beat=288 loss=293001769 foreign=578 self=183 reboots=174 legacy=0
ENET-LAB3 REBOOT: peer 0x88ba incarnation ef4f4a85 -> 1189e305 (seq restarts at 109; NOT a replay)
ENET-LAB3 PASS: t=1788364814.668s peers=1/1 validated=2 beat=92 loss=293001877 foreign=578 self=184 reboots=175 legacy=0
ENET-LAB3 REBOOT: peer 0x88ba incarnation ef4f4a85 -> 1189e305 (seq restarts at 109; NOT a replay)
ENET-LAB3 PASS: t=1788364814.668s peers=1/1 validated=2 beat=289 loss=293001877 foreign=578 self=183 reboots=175 legacy=0
ENET-LAB3 REBOOT: peer 0x88ba incarnation 1189e305 -> ef4f4a85 (seq restarts at 3367840; NOT a replay)
ENET-LAB3 PASS: t=1788364814.871s peers=1/1 validated=2 beat=290 loss=293001877 foreign=578 self=185 reboots=175 legacy=0
ENET-LAB3 REBOOT: peer 0x88ba incarnation 1189e305 -> ef4f4a85 (seq restarts at 3367840; NOT a replay)
ENET-LAB3 PASS: t=1788364814.872s peers=1/1 validated=2 beat=291 loss=296369716 foreign=578 self=185 reboots=176 legacy=0
ENET-LAB3 PASS: t=1788364814.930s peers=1/1 validated=2 beat=93 loss=296369716 foreign=579 self=185 reboots=176 legacy=0
ENET-LAB3 REBOOT: peer 0x88ba incarnation ef4f4a85 -> 1189e305 (seq restarts at 111; NOT a replay)
ENET-LAB3 REBOOT: peer 0x88ba incarnation ef4f4a85 -> 1189e305 (seq restarts at 111; NOT a replay)
ENET-LAB3 PASS: t=1788364815.076s peers=1/1 validated=2 beat=292 loss=296369826 foreign=579 self=185 reboots=177 legacy=0
ENET-LAB3 REBOOT: peer 0x88ba incarnation 1189e305 -> ef4f4a85 (seq restarts at 3367841; NOT a replay)
ENET-LAB3 PASS: t=1788364815.076s peers=1/1 validated=2 beat=293 loss=299737666 foreign=579 self=185 reboots=178 legacy=0
ENET-LAB3 REBOOT: peer 0x88ba incarnation 1189e305 -> ef4f4a85 (seq restarts at 3367841; NOT a replay)
ENET-LAB3 PASS: t=1788364815.278s peers=1/1 validated=2 beat=94 loss=299737666 foreign=579 self=187 reboots=178 legacy=0
ENET-LAB3 PASS: t=1788364815.279s peers=1/1 validated=2 beat=294 loss=299737666 foreign=579 self=187 reboots=178 legacy=0
ENET-LAB3 REBOOT: peer 0x88ba incarnation ef4f4a85 -> 1189e305 (seq restarts at 112; NOT a replay)
ENET-LAB3 REBOOT: peer 0x88ba incarnation ef4f4a85 -> 1189e305 (seq restarts at 112; NOT a replay)
ENET-LAB3 PASS: t=1788364815.280s peers=1/1 validated=2 beat=295 loss=299737777 foreign=579 self=187 reboots=179 legacy=0
ENET-LAB3 REBOOT: peer 0x88ba incarnation 1189e305 -> ef4f4a85 (seq restarts at 3367843; NOT a replay)
ENET-LAB3 REBOOT: peer 0x88ba incarnation 1189e305 -> ef4f4a85 (seq restarts at 3367843; NOT a replay)
ENET-LAB3 PASS: t=1788364815.484s peers=1/1 validated=2 beat=296 loss=303105619 foreign=581 self=187 reboots=180 legacy=0
ENET-LAB3 REBOOT: peer 0x88ba incarnation ef4f4a85 -> 1189e305 (seq restarts at 113; NOT a replay)
ENET-LAB3 PASS: t=1788364815.484s peers=1/1 validated=2 beat=297 loss=303105731 foreign=581 self=187 reboots=181 legacy=0
ENET-LAB3 REBOOT: peer 0x88ba incarnation ef4f4a85 -> 1189e305 (seq restarts at 113; NOT a replay)
ENET-LAB3 PASS: t=1788364815.485s peers=1/1 validated=2 beat=95 loss=303105731 foreign=581 self=188 reboots=181 legacy=0
ENET-LAB3 REBOOT: peer 0x88ba incarnation 1189e305 -> ef4f4a85 (seq restarts at 3367844; NOT a replay)
ENET-LAB3 PASS: t=1788364815.690s peers=1/1 validated=2 beat=298 loss=306473574 foreign=582 self=188 reboots=182 legacy=0
ENET-LAB3 REBOOT: peer 0x88ba incarnation 1189e305 -> ef4f4a85 (seq restarts at 3367844; NOT a replay)
ENET-LAB3 REBOOT: peer 0x88ba incarnation ef4f4a85 -> 1189e305 (seq restarts at 114; NOT a replay)
ENET-LAB3 PASS: t=1788364815.691s peers=1/1 validated=2 beat=299 loss=306473687 foreign=582 self=188 reboots=183 legacy=0
ENET-LAB3 REBOOT: peer 0x88ba incarnation ef4f4a85 -> 1189e305 (seq restarts at 114; NOT a replay)
ENET-LAB3 PASS: t=1788364815.692s peers=1/1 validated=2 beat=96 loss=306473687 foreign=582 self=189 reboots=183 legacy=0
ENET-LAB3 REBOOT: peer 0x88ba incarnation 1189e305 -> ef4f4a85 (seq restarts at 3367845; NOT a replay)
ENET-LAB3 PASS: t=1788364815.895s peers=1/1 validated=2 beat=300 loss=306473687 foreign=582 self=190 reboots=183 legacy=0
ENET-LAB3 REBOOT: peer 0x88ba incarnation 1189e305 -> ef4f4a85 (seq restarts at 3367845; NOT a replay)
ENET-LAB3 PASS: t=1788364815.895s peers=1/1 validated=2 beat=301 loss=309841531 foreign=582 self=190 reboots=184 legacy=0
ENET-LAB3 PASS: t=1788364815.919s peers=1/1 validated=2 beat=97 loss=309841531 foreign=582 self=190 reboots=184 legacy=0
ENET-LAB3 REBOOT: peer 0x88ba incarnation ef4f4a85 -> 1189e305 (seq restarts at 116; NOT a replay)
ENET-LAB3 REBOOT: peer 0x88ba incarnation ef4f4a85 -> 1189e305 (seq restarts at 116; NOT a replay)
ENET-LAB3 PASS: t=1788364816.099s peers=1/1 validated=2 beat=302 loss=309841646 foreign=583 self=190 reboots=185 legacy=0
ENET-LAB3 REBOOT: peer 0x88ba incarnation 1189e305 -> ef4f4a85 (seq restarts at 3367846; NOT a replay)
ENET-LAB3 REBOOT: peer 0x88ba incarnation 1189e305 -> ef4f4a85 (seq restarts at 3367846; NOT a replay)
ENET-LAB3 PASS: t=1788364816.100s peers=1/1 validated=2 beat=303 loss=313209491 foreign=583 self=190 reboots=186 legacy=0
ENET-LAB3 PASS: t=1788364816.206s peers=1/1 validated=2 beat=98 loss=313209491 foreign=585 self=191 reboots=186 legacy=0
ENET-LAB3 REBOOT: peer 0x88ba incarnation ef4f4a85 -> 1189e305 (seq restarts at 117; NOT a replay)
ENET-LAB3 REBOOT: peer 0x88ba incarnation ef4f4a85 -> 1189e305 (seq restarts at 117; NOT a replay)
ENET-LAB3 PASS: t=1788364816.306s peers=1/1 validated=2 beat=304 loss=313209607 foreign=587 self=191 reboots=187 legacy=0
ENET-LAB3 REBOOT: peer 0x88ba incarnation 1189e305 -> ef4f4a85 (seq restarts at 3367847; NOT a replay)
ENET-LAB3 REBOOT: peer 0x88ba incarnation 1189e305 -> ef4f4a85 (seq restarts at 3367847; NOT a replay)
ENET-LAB3 PASS: t=1788364816.307s peers=1/1 validated=2 beat=305 loss=316577453 foreign=587 self=191 reboots=188 legacy=0
ENET-LAB3 PASS: t=1788364816.453s peers=1/1 validated=2 beat=99 loss=316577453 foreign=588 self=192 reboots=188 legacy=0
ENET-LAB3 REBOOT: peer 0x88ba incarnation ef4f4a85 -> 1189e305 (seq restarts at 118; NOT a replay)
ENET-LAB3 REBOOT: peer 0x88ba incarnation ef4f4a85 -> 1189e305 (seq restarts at 118; NOT a replay)
ENET-LAB3 PASS: t=1788364816.514s peers=1/1 validated=2 beat=306 loss=316577570 foreign=588 self=192 reboots=189 legacy=0
ENET-LAB3 REBOOT: peer 0x88ba incarnation 1189e305 -> ef4f4a85 (seq restarts at 3367848; NOT a replay)
ENET-LAB3 REBOOT: peer 0x88ba incarnation 1189e305 -> ef4f4a85 (seq restarts at 3367848; NOT a replay)
ENET-LAB3 PASS: t=1788364816.515s peers=1/1 validated=2 beat=307 loss=319945417 foreign=588 self=192 reboots=190 legacy=0
ENET-LAB3 REBOOT: peer 0x88ba incarnation ef4f4a85 -> 1189e305 (seq restarts at 119; NOT a replay)
ENET-LAB3 REBOOT: peer 0x88ba incarnation ef4f4a85 -> 1189e305 (seq restarts at 119; NOT a replay)
ENET-LAB3 PASS: t=1788364816.721s peers=1/1 validated=2 beat=308 loss=319945535 foreign=589 self=193 reboots=191 legacy=0
ENET-LAB3 REBOOT: peer 0x88ba incarnation 1189e305 -> ef4f4a85 (seq restarts at 3367849; NOT a replay)
ENET-LAB3 REBOOT: peer 0x88ba incarnation 1189e305 -> ef4f4a85 (seq restarts at 3367849; NOT a replay)
ENET-LAB3 PASS: t=1788364816.722s peers=1/1 validated=2 beat=309 loss=323313383 foreign=589 self=193 reboots=192 legacy=0
ENET-LAB3 PASS: t=1788364816.722s peers=1/1 validated=2 beat=100 loss=323313383 foreign=589 self=194 reboots=192 legacy=0
ENET-LAB3 REBOOT: peer 0x88ba incarnation ef4f4a85 -> 1189e305 (seq restarts at 120; NOT a replay)
ENET-LAB3 REBOOT: peer 0x88ba incarnation ef4f4a85 -> 1189e305 (seq restarts at 120; NOT a replay)
ENET-LAB3 PASS: t=1788364816.928s peers=1/1 validated=2 beat=310 loss=323313502 foreign=592 self=194 reboots=193 legacy=0
ENET-LAB3 REBOOT: peer 0x88ba incarnation 1189e305 -> ef4f4a85 (seq restarts at 3367850; NOT a replay)
ENET-LAB3 REBOOT: peer 0x88ba incarnation 1189e305 -> ef4f4a85 (seq restarts at 3367850; NOT a replay)
ENET-LAB3 PASS: t=1788364816.929s peers=1/1 validated=2 beat=311 loss=326681351 foreign=592 self=194 reboots=194 legacy=0
ENET-LAB3 PASS: t=1788364816.929s peers=1/1 validated=2 beat=101 loss=326681351 foreign=592 self=195 reboots=194 legacy=0
ENET-LAB3 REBOOT: peer 0x88ba incarnation ef4f4a85 -> 1189e305 (seq restarts at 121; NOT a replay)
ENET-LAB3 REBOOT: peer 0x88ba incarnation 1189e305 -> ef4f4a85 (seq restarts at 3367851; NOT a replay)
ENET-LAB3 REBOOT: peer 0x88ba incarnation ef4f4a85 -> 1189e305 (seq restarts at 121; NOT a replay)
ENET-LAB3 PASS: t=1788364817.133s peers=1/1 validated=2 beat=312 loss=326681471 foreign=592 self=196 reboots=195 legacy=0
ENET-LAB3 REBOOT: peer 0x88ba incarnation 1189e305 -> ef4f4a85 (seq restarts at 3367851; NOT a replay)
ENET-LAB3 PASS: t=1788364817.133s peers=1/1 validated=2 beat=313 loss=330049321 foreign=592 self=196 reboots=196 legacy=0
ENET-LAB3 PASS: t=1788364817.223s peers=1/1 validated=2 beat=102 loss=330049321 foreign=594 self=196 reboots=196 legacy=0
ENET-LAB3 REBOOT: peer 0x88ba incarnation ef4f4a85 -> 1189e305 (seq restarts at 122; NOT a replay)
ENET-LAB3 REBOOT: peer 0x88ba incarnation ef4f4a85 -> 1189e305 (seq restarts at 122; NOT a replay)
ENET-LAB3 PASS: t=1788364817.337s peers=1/1 validated=2 beat=314 loss=330049442 foreign=596 self=196 reboots=197 legacy=0
ENET-LAB3 REBOOT: peer 0x88ba incarnation 1189e305 -> ef4f4a85 (seq restarts at 3367852; NOT a replay)
ENET-LAB3 REBOOT: peer 0x88ba incarnation 1189e305 -> ef4f4a85 (seq restarts at 3367852; NOT a replay)
ENET-LAB3 PASS: t=1788364817.338s peers=1/1 validated=2 beat=315 loss=333417293 foreign=596 self=196 reboots=198 legacy=0
ENET-LAB3 PASS: t=1788364817.539s peers=1/1 validated=2 beat=103 loss=333417293 foreign=596 self=198 reboots=198 legacy=0
ENET-LAB3 REBOOT: peer 0x88ba incarnation ef4f4a85 -> 1189e305 (seq restarts at 123; NOT a replay)
ENET-LAB3 PASS: t=1788364817.541s peers=1/1 validated=2 beat=316 loss=333417293 foreign=596 self=198 reboots=198 legacy=0
ENET-LAB3 REBOOT: peer 0x88ba incarnation ef4f4a85 -> 1189e305 (seq restarts at 123; NOT a replay)
ENET-LAB3 PASS: t=1788364817.542s peers=1/1 validated=2 beat=317 loss=333417415 foreign=596 self=198 reboots=199 legacy=0
ENET-LAB3 PASS: t=1788364817.743s peers=1/1 validated=2 beat=104 loss=333417415 foreign=596 self=199 reboots=199 legacy=0
ENET-LAB3 REBOOT: peer 0x88ba incarnation 1189e305 -> ef4f4a85 (seq restarts at 3367854; NOT a replay)
ENET-LAB3 REBOOT: peer 0x88ba incarnation 1189e305 -> ef4f4a85 (seq restarts at 3367854; NOT a replay)
ENET-LAB3 REBOOT: peer 0x88ba incarnation ef4f4a85 -> 1189e305 (seq restarts at 124; NOT a replay)
ENET-LAB3 PASS: t=1788364817.745s peers=1/1 validated=2 beat=318 loss=336785268 foreign=596 self=199 reboots=200 legacy=0
ENET-LAB3 REBOOT: peer 0x88ba incarnation ef4f4a85 -> 1189e305 (seq restarts at 124; NOT a replay)
ENET-LAB3 PASS: t=1788364817.746s peers=1/1 validated=2 beat=319 loss=336785391 foreign=596 self=199 reboots=201 legacy=0
ENET-LAB3 REBOOT: peer 0x88ba incarnation 1189e305 -> ef4f4a85 (seq restarts at 3367855; NOT a replay)
ENET-LAB3 REBOOT: peer 0x88ba incarnation 1189e305 -> ef4f4a85 (seq restarts at 3367855; NOT a replay)
ENET-LAB3 PASS: t=1788364817.949s peers=1/1 validated=2 beat=320 loss=340153245 foreign=601 self=199 reboots=202 legacy=0
ENET-LAB3 REBOOT: peer 0x88ba incarnation ef4f4a85 -> 1189e305 (seq restarts at 125; NOT a replay)
ENET-LAB3 REBOOT: peer 0x88ba incarnation ef4f4a85 -> 1189e305 (seq restarts at 125; NOT a replay)
ENET-LAB3 PASS: t=1788364817.951s peers=1/1 validated=2 beat=321 loss=340153369 foreign=601 self=199 reboots=203 legacy=0
ENET-LAB3 PASS: t=1788364817.951s peers=1/1 validated=2 beat=105 loss=340153369 foreign=601 self=200 reboots=203 legacy=0
ENET-LAB3 REBOOT: peer 0x88ba incarnation 1189e305 -> ef4f4a85 (seq restarts at 3367856; NOT a replay)
ENET-LAB3 PASS: t=1788364818.154s peers=1/1 validated=2 beat=322 loss=340153369 foreign=601 self=201 reboots=203 legacy=0
ENET-LAB3 REBOOT: peer 0x88ba incarnation 1189e305 -> ef4f4a85 (seq restarts at 3367856; NOT a replay)
ENET-LAB3 PASS: t=1788364818.155s peers=1/1 validated=2 beat=323 loss=343521224 foreign=601 self=201 reboots=204 legacy=0
ENET-LAB3 PASS: t=1788364818.192s peers=1/1 validated=2 beat=106 loss=343521224 foreign=602 self=201 reboots=204 legacy=0
ENET-LAB3 REBOOT: peer 0x88ba incarnation ef4f4a85 -> 1189e305 (seq restarts at 127; NOT a replay)
ENET-LAB3 REBOOT: peer 0x88ba incarnation ef4f4a85 -> 1189e305 (seq restarts at 127; NOT a replay)
ENET-LAB3 PASS: t=1788364818.358s peers=1/1 validated=2 beat=324 loss=343521350 foreign=603 self=201 reboots=205 legacy=0
ENET-LAB3 REBOOT: peer 0x88ba incarnation 1189e305 -> ef4f4a85 (seq restarts at 3367857; NOT a replay)
ENET-LAB3 PASS: t=1788364818.359s peers=1/1 validated=2 beat=325 loss=346889206 foreign=603 self=201 reboots=206 legacy=0
ENET-LAB3 REBOOT: peer 0x88ba incarnation 1189e305 -> ef4f4a85 (seq restarts at 3367857; NOT a replay)
ENET-LAB3 PASS: t=1788364818.469s peers=1/1 validated=2 beat=107 loss=346889206 foreign=604 self=202 reboots=206 legacy=0
ENET-LAB3 PASS: t=1788364818.565s peers=1/1 validated=2 beat=326 loss=346889206 foreign=605 self=202 reboots=206 legacy=0
ENET-LAB3 REBOOT: peer 0x88ba incarnation ef4f4a85 -> 1189e305 (seq restarts at 128; NOT a replay)
ENET-LAB3 PASS: t=1788364818.566s peers=1/1 validated=2 beat=327 loss=346889333 foreign=605 self=202 reboots=207 legacy=0
ENET-LAB3 REBOOT: peer 0x88ba incarnation ef4f4a85 -> 1189e305 (seq restarts at 128; NOT a replay)
ENET-LAB3 PASS: t=1788364818.725s peers=1/1 validated=2 beat=108 loss=346889333 foreign=606 self=203 reboots=207 legacy=0
ENET-LAB3 REBOOT: peer 0x88ba incarnation 1189e305 -> ef4f4a85 (seq restarts at 3367859; NOT a replay)
ENET-LAB3 REBOOT: peer 0x88ba incarnation 1189e305 -> ef4f4a85 (seq restarts at 3367859; NOT a replay)
ENET-LAB3 PASS: t=1788364818.773s peers=1/1 validated=2 beat=328 loss=350257191 foreign=606 self=203 reboots=208 legacy=0
ENET-LAB3 REBOOT: peer 0x88ba incarnation ef4f4a85 -> 1189e305 (seq restarts at 129; NOT a replay)
ENET-LAB3 REBOOT: peer 0x88ba incarnation ef4f4a85 -> 1189e305 (seq restarts at 129; NOT a replay)
ENET-LAB3 PASS: t=1788364818.774s peers=1/1 validated=2 beat=329 loss=350257319 foreign=606 self=203 reboots=209 legacy=0
ENET-LAB3 REBOOT: peer 0x88ba incarnation 1189e305 -> ef4f4a85 (seq restarts at 3367860; NOT a replay)
ENET-LAB3 REBOOT: peer 0x88ba incarnation 1189e305 -> ef4f4a85 (seq restarts at 3367860; NOT a replay)
ENET-LAB3 PASS: t=1788364818.980s peers=1/1 validated=2 beat=330 loss=353625178 foreign=607 self=204 reboots=210 legacy=0
ENET-LAB3 REBOOT: peer 0x88ba incarnation ef4f4a85 -> 1189e305 (seq restarts at 130; NOT a replay)
ENET-LAB3 REBOOT: peer 0x88ba incarnation ef4f4a85 -> 1189e305 (seq restarts at 130; NOT a replay)
ENET-LAB3 PASS: t=1788364818.981s peers=1/1 validated=2 beat=331 loss=353625307 foreign=607 self=204 reboots=211 legacy=0
ENET-LAB3 PASS: t=1788364818.981s peers=1/1 validated=2 beat=109 loss=353625307 foreign=607 self=205 reboots=211 legacy=0
ENET-LAB3 REBOOT: peer 0x88ba incarnation 1189e305 -> ef4f4a85 (seq restarts at 3367861; NOT a replay)
ENET-LAB3 PASS: t=1788364819.187s peers=1/1 validated=2 beat=332 loss=353625307 foreign=608 self=205 reboots=211 legacy=0
ENET-LAB3 PASS: t=1788364819.188s peers=1/1 validated=2 beat=110 loss=356993167 foreign=608 self=205 reboots=212 legacy=0
ENET-LAB3 REBOOT: peer 0x88ba incarnation 1189e305 -> ef4f4a85 (seq restarts at 3367861; NOT a replay)
ENET-LAB3 PASS: t=1788364819.188s peers=1/1 validated=2 beat=333 loss=356993167 foreign=608 self=205 reboots=212 legacy=0
ENET-LAB3 REBOOT: peer 0x88ba incarnation ef4f4a85 -> 1189e305 (seq restarts at 132; NOT a replay)
ENET-LAB3 PASS: t=1788364819.392s peers=1/1 validated=2 beat=334 loss=356993167 foreign=608 self=207 reboots=212 legacy=0
ENET-LAB3 REBOOT: peer 0x88ba incarnation ef4f4a85 -> 1189e305 (seq restarts at 132; NOT a replay)
ENET-LAB3 PASS: t=1788364819.393s peers=1/1 validated=2 beat=335 loss=356993298 foreign=608 self=207 reboots=213 legacy=0
ENET-LAB3 PASS: t=1788364819.468s peers=1/1 validated=2 beat=111 loss=356993298 foreign=609 self=207 reboots=213 legacy=0
ENET-LAB3 REBOOT: peer 0x88ba incarnation 1189e305 -> ef4f4a85 (seq restarts at 3367863; NOT a replay)
ENET-LAB3 PASS: t=1788364819.596s peers=1/1 validated=2 beat=336 loss=356993298 foreign=611 self=207 reboots=213 legacy=0
ENET-LAB3 REBOOT: peer 0x88ba incarnation 1189e305 -> ef4f4a85 (seq restarts at 3367863; NOT a replay)
ENET-LAB3 PASS: t=1788364819.597s peers=1/1 validated=2 beat=337 loss=360361160 foreign=611 self=207 reboots=214 legacy=0
ENET-LAB3 PASS: t=1788364819.788s peers=1/1 validated=2 beat=112 loss=360361160 foreign=612 self=208 reboots=214 legacy=0
ENET-LAB3 PASS: t=1788364819.803s peers=1/1 validated=2 beat=338 loss=360361160 foreign=612 self=208 reboots=214 legacy=0
ENET-LAB3 REBOOT: peer 0x88ba incarnation ef4f4a85 -> 1189e305 (seq restarts at 134; NOT a replay)
ENET-LAB3 REBOOT: peer 0x88ba incarnation ef4f4a85 -> 1189e305 (seq restarts at 134; NOT a replay)
ENET-LAB3 PASS: t=1788364819.804s peers=1/1 validated=2 beat=339 loss=360361293 foreign=612 self=208 reboots=215 legacy=0
ENET-LAB3 PASS: t=1788364820.006s peers=1/1 validated=2 beat=113 loss=360361293 foreign=612 self=210 reboots=215 legacy=0
ENET-LAB3 REBOOT: peer 0x88ba incarnation 1189e305 -> ef4f4a85 (seq restarts at 3367865; NOT a replay)
ENET-LAB3 REBOOT: peer 0x88ba incarnation 1189e305 -> ef4f4a85 (seq restarts at 3367865; NOT a replay)
ENET-LAB3 REBOOT: peer 0x88ba incarnation ef4f4a85 -> 1189e305 (seq restarts at 135; NOT a replay)
ENET-LAB3 PASS: t=1788364820.008s peers=1/1 validated=2 beat=340 loss=363729157 foreign=612 self=210 reboots=216 legacy=0
ENET-LAB3 REBOOT: peer 0x88ba incarnation ef4f4a85 -> 1189e305 (seq restarts at 135; NOT a replay)
ENET-LAB3 PASS: t=1788364820.009s peers=1/1 validated=2 beat=341 loss=363729291 foreign=612 self=210 reboots=217 legacy=0
ENET-LAB3 PASS: t=1788364820.209s peers=1/1 validated=2 beat=114 loss=363729291 foreign=612 self=210 reboots=217 legacy=0
ENET-LAB3 REBOOT: peer 0x88ba incarnation 1189e305 -> ef4f4a85 (seq restarts at 3367866; NOT a replay)
ENET-LAB3 REBOOT: peer 0x88ba incarnation 1189e305 -> ef4f4a85 (seq restarts at 3367866; NOT a replay)
ENET-LAB3 REBOOT: peer 0x88ba incarnation ef4f4a85 -> 1189e305 (seq restarts at 136; NOT a replay)
ENET-LAB3 PASS: t=1788364820.212s peers=1/1 validated=2 beat=342 loss=367097156 foreign=612 self=211 reboots=218 legacy=0
ENET-LAB3 REBOOT: peer 0x88ba incarnation ef4f4a85 -> 1189e305 (seq restarts at 136; NOT a replay)
ENET-LAB3 PASS: t=1788364820.213s peers=1/1 validated=2 beat=343 loss=367097291 foreign=612 self=211 reboots=219 legacy=0
ENET-LAB3 PASS: t=1788364820.413s peers=1/1 validated=2 beat=115 loss=367097291 foreign=612 self=211 reboots=219 legacy=0
ENET-LAB3 REBOOT: peer 0x88ba incarnation 1189e305 -> ef4f4a85 (seq restarts at 3367867; NOT a replay)
ENET-LAB3 REBOOT: peer 0x88ba incarnation 1189e305 -> ef4f4a85 (seq restarts at 3367867; NOT a replay)
ENET-LAB3 REBOOT: peer 0x88ba incarnation ef4f4a85 -> 1189e305 (seq restarts at 137; NOT a replay)
ENET-LAB3 PASS: t=1788364820.416s peers=1/1 validated=2 beat=344 loss=370465157 foreign=612 self=212 reboots=220 legacy=0
ENET-LAB3 REBOOT: peer 0x88ba incarnation ef4f4a85 -> 1189e305 (seq restarts at 137; NOT a replay)
ENET-LAB3 PASS: t=1788364820.416s peers=1/1 validated=2 beat=345 loss=370465293 foreign=612 self=212 reboots=221 legacy=0
ENET-LAB3 REBOOT: peer 0x88ba incarnation 1189e305 -> ef4f4a85 (seq restarts at 3367868; NOT a replay)
ENET-LAB3 REBOOT: peer 0x88ba incarnation 1189e305 -> ef4f4a85 (seq restarts at 3367868; NOT a replay)
ENET-LAB3 REBOOT: peer 0x88ba incarnation ef4f4a85 -> 1189e305 (seq restarts at 138; NOT a replay)
ENET-LAB3 PASS: t=1788364820.620s peers=1/1 validated=2 beat=346 loss=373833160 foreign=613 self=212 reboots=222 legacy=0
ENET-LAB3 PASS: t=1788364820.621s peers=1/1 validated=2 beat=116 loss=373833297 foreign=613 self=212 reboots=223 legacy=0
ENET-LAB3 REBOOT: peer 0x88ba incarnation ef4f4a85 -> 1189e305 (seq restarts at 138; NOT a replay)
ENET-LAB3 PASS: t=1788364820.621s peers=1/1 validated=2 beat=347 loss=373833297 foreign=613 self=212 reboots=223 legacy=0
ENET-LAB3 REBOOT: peer 0x88ba incarnation 1189e305 -> ef4f4a85 (seq restarts at 3367869; NOT a replay)
ENET-LAB3 REBOOT: peer 0x88ba incarnation 1189e305 -> ef4f4a85 (seq restarts at 3367869; NOT a replay)
ENET-LAB3 REBOOT: peer 0x88ba incarnation ef4f4a85 -> 1189e305 (seq restarts at 139; NOT a replay)
ENET-LAB3 PASS: t=1788364820.826s peers=1/1 validated=2 beat=348 loss=377201165 foreign=613 self=214 reboots=224 legacy=0
ENET-LAB3 REBOOT: peer 0x88ba incarnation ef4f4a85 -> 1189e305 (seq restarts at 139; NOT a replay)
ENET-LAB3 PASS: t=1788364820.827s peers=1/1 validated=2 beat=349 loss=377201303 foreign=613 self=214 reboots=225 legacy=0
ENET-LAB3 PASS: t=1788364820.854s peers=1/1 validated=2 beat=117 loss=377201303 foreign=614 self=214 reboots=225 legacy=0
ENET-LAB3 REBOOT: peer 0x88ba incarnation 1189e305 -> ef4f4a85 (seq restarts at 3367870; NOT a replay)
ENET-LAB3 REBOOT: peer 0x88ba incarnation 1189e305 -> ef4f4a85 (seq restarts at 3367870; NOT a replay)
ENET-LAB3 PASS: t=1788364821.030s peers=1/1 validated=2 beat=350 loss=380569172 foreign=616 self=214 reboots=226 legacy=0
ENET-LAB3 REBOOT: peer 0x88ba incarnation ef4f4a85 -> 1189e305 (seq restarts at 140; NOT a replay)
ENET-LAB3 REBOOT: peer 0x88ba incarnation ef4f4a85 -> 1189e305 (seq restarts at 140; NOT a replay)
ENET-LAB3 PASS: t=1788364821.031s peers=1/1 validated=2 beat=351 loss=380569311 foreign=616 self=214 reboots=227 legacy=0
ENET-LAB3 PASS: t=1788364821.194s peers=1/1 validated=2 beat=118 loss=380569311 foreign=617 self=215 reboots=227 legacy=0
ENET-LAB3 PASS: t=1788364821.237s peers=1/1 validated=2 beat=352 loss=380569311 foreign=617 self=215 reboots=227 legacy=0
ENET-LAB3 REBOOT: peer 0x88ba incarnation 1189e305 -> ef4f4a85 (seq restarts at 3367871; NOT a replay)
ENET-LAB3 REBOOT: peer 0x88ba incarnation 1189e305 -> ef4f4a85 (seq restarts at 3367871; NOT a replay)
ENET-LAB3 PASS: t=1788364821.238s peers=1/1 validated=2 beat=353 loss=383937181 foreign=617 self=215 reboots=228 legacy=0
ENET-LAB3 PASS: t=1788364821.444s peers=1/1 validated=2 beat=354 loss=383937181 foreign=626 self=216 reboots=228 legacy=0
ENET-LAB3 REBOOT: peer 0x88ba incarnation ef4f4a85 -> 1189e305 (seq restarts at 142; NOT a replay)
ENET-LAB3 REBOOT: peer 0x88ba incarnation ef4f4a85 -> 1189e305 (seq restarts at 142; NOT a replay)
ENET-LAB3 PASS: t=1788364821.445s peers=1/1 validated=2 beat=355 loss=383937322 foreign=626 self=216 reboots=229 legacy=0
ENET-LAB3 PASS: t=1788364821.445s peers=1/1 validated=2 beat=119 loss=383937322 foreign=626 self=217 reboots=229 legacy=0
ENET-LAB3 REBOOT: peer 0x88ba incarnation 1189e305 -> ef4f4a85 (seq restarts at 3367873; NOT a replay)
ENET-LAB3 REBOOT: peer 0x88ba incarnation 1189e305 -> ef4f4a85 (seq restarts at 3367873; NOT a replay)
ENET-LAB3 PASS: t=1788364821.652s peers=1/1 validated=2 beat=356 loss=387305194 foreign=627 self=217 reboots=230 legacy=0
ENET-LAB3 REBOOT: peer 0x88ba incarnation ef4f4a85 -> 1189e305 (seq restarts at 143; NOT a replay)
ENET-LAB3 REBOOT: peer 0x88ba incarnation ef4f4a85 -> 1189e305 (seq restarts at 143; NOT a replay)
ENET-LAB3 PASS: t=1788364821.653s peers=1/1 validated=2 beat=357 loss=387305336 foreign=627 self=217 reboots=231 legacy=0
ENET-LAB3 PASS: t=1788364821.653s peers=1/1 validated=2 beat=120 loss=387305336 foreign=627 self=218 reboots=231 legacy=0
ENET-LAB3 PASS: t=1788364821.857s peers=1/1 validated=2 beat=121 loss=387305336 foreign=628 self=219 reboots=231 legacy=0
ENET-LAB3 REBOOT: peer 0x88ba incarnation 1189e305 -> ef4f4a85 (seq restarts at 3367874; NOT a replay)
ENET-LAB3 PASS: t=1788364821.859s peers=1/1 validated=2 beat=358 loss=387305336 foreign=628 self=219 reboots=231 legacy=0
ENET-LAB3 REBOOT: peer 0x88ba incarnation 1189e305 -> ef4f4a85 (seq restarts at 3367874; NOT a replay)
ENET-LAB3 PASS: t=1788364821.860s peers=1/1 validated=2 beat=359 loss=390673209 foreign=628 self=219 reboots=232 legacy=0
ENET-LAB3 PASS: t=1788364822.063s peers=1/1 validated=2 beat=360 loss=390673209 foreign=630 self=219 reboots=232 legacy=0
ENET-LAB3 REBOOT: peer 0x88ba incarnation ef4f4a85 -> 1189e305 (seq restarts at 145; NOT a replay)
ENET-LAB3 REBOOT: peer 0x88ba incarnation ef4f4a85 -> 1189e305 (seq restarts at 145; NOT a replay)
ENET-LAB3 PASS: t=1788364822.064s peers=1/1 validated=2 beat=361 loss=390673353 foreign=630 self=219 reboots=233 legacy=0
ENET-LAB3 PASS: t=1788364822.065s peers=1/1 validated=2 beat=122 loss=390673353 foreign=630 self=220 reboots=233 legacy=0
ENET-LAB3 REBOOT: peer 0x88ba incarnation 1189e305 -> ef4f4a85 (seq restarts at 3367876; NOT a replay)
ENET-LAB3 REBOOT: peer 0x88ba incarnation ef4f4a85 -> 1189e305 (seq restarts at 146; NOT a replay)
ENET-LAB3 REBOOT: peer 0x88ba incarnation 1189e305 -> ef4f4a85 (seq restarts at 3367876; NOT a replay)
ENET-LAB3 PASS: t=1788364822.269s peers=1/1 validated=2 beat=362 loss=394041228 foreign=630 self=221 reboots=234 legacy=0
ENET-LAB3 REBOOT: peer 0x88ba incarnation ef4f4a85 -> 1189e305 (seq restarts at 146; NOT a replay)
ENET-LAB3 PASS: t=1788364822.269s peers=1/1 validated=2 beat=363 loss=394041373 foreign=630 self=221 reboots=235 legacy=0
ENET-LAB3 PASS: t=1788364822.335s peers=1/1 validated=2 beat=123 loss=394041373 foreign=631 self=221 reboots=235 legacy=0
ENET-LAB3 REBOOT: peer 0x88ba incarnation 1189e305 -> ef4f4a85 (seq restarts at 3367877; NOT a replay)
ENET-LAB3 REBOOT: peer 0x88ba incarnation 1189e305 -> ef4f4a85 (seq restarts at 3367877; NOT a replay)
ENET-LAB3 PASS: t=1788364822.473s peers=1/1 validated=2 beat=364 loss=397409249 foreign=639 self=221 reboots=236 legacy=0
ENET-LAB3 REBOOT: peer 0x88ba incarnation ef4f4a85 -> 1189e305 (seq restarts at 147; NOT a replay)
ENET-LAB3 REBOOT: peer 0x88ba incarnation ef4f4a85 -> 1189e305 (seq restarts at 147; NOT a replay)
ENET-LAB3 PASS: t=1788364822.474s peers=1/1 validated=2 beat=365 loss=397409395 foreign=639 self=221 reboots=237 legacy=0
ENET-LAB3 PASS: t=1788364822.647s peers=1/1 validated=2 beat=124 loss=397409395 foreign=641 self=222 reboots=237 legacy=0
ENET-LAB3 PASS: t=1788364822.680s peers=1/1 validated=2 beat=366 loss=397409395 foreign=641 self=222 reboots=237 legacy=0
ENET-LAB3 REBOOT: peer 0x88ba incarnation 1189e305 -> ef4f4a85 (seq restarts at 3367878; NOT a replay)
ENET-LAB3 REBOOT: peer 0x88ba incarnation 1189e305 -> ef4f4a85 (seq restarts at 3367878; NOT a replay)
ENET-LAB3 PASS: t=1788364822.682s peers=1/1 validated=2 beat=367 loss=400777272 foreign=641 self=222 reboots=238 legacy=0
ENET-LAB3 PASS: t=1788364822.884s peers=1/1 validated=2 beat=125 loss=400777272 foreign=645 self=223 reboots=238 legacy=0
ENET-LAB3 REBOOT: peer 0x88ba incarnation ef4f4a85 -> 1189e305 (seq restarts at 149; NOT a replay)
ENET-LAB3 REBOOT: peer 0x88ba incarnation ef4f4a85 -> 1189e305 (seq restarts at 149; NOT a replay)
ENET-LAB3 PASS: t=1788364822.886s peers=1/1 validated=2 beat=368 loss=400777420 foreign=645 self=224 reboots=239 legacy=0
ENET-LAB3 REBOOT: peer 0x88ba incarnation 1189e305 -> ef4f4a85 (seq restarts at 3367879; NOT a replay)
ENET-LAB3 REBOOT: peer 0x88ba incarnation 1189e305 -> ef4f4a85 (seq restarts at 3367879; NOT a replay)
ENET-LAB3 PASS: t=1788364822.887s peers=1/1 validated=2 beat=369 loss=404145298 foreign=645 self=224 reboots=240 legacy=0
ENET-LAB3 REBOOT: peer 0x88ba incarnation ef4f4a85 -> 1189e305 (seq restarts at 150; NOT a replay)
ENET-LAB3 REBOOT: peer 0x88ba incarnation ef4f4a85 -> 1189e305 (seq restarts at 150; NOT a replay)
ENET-LAB3 REBOOT: peer 0x88ba incarnation 1189e305 -> ef4f4a85 (seq restarts at 3367880; NOT a replay)
ENET-LAB3 PASS: t=1788364823.091s peers=1/1 validated=2 beat=370 loss=404145447 foreign=646 self=224 reboots=241 legacy=0
ENET-LAB3 REBOOT: peer 0x88ba incarnation 1189e305 -> ef4f4a85 (seq restarts at 3367880; NOT a replay)
ENET-LAB3 PASS: t=1788364823.092s peers=1/1 validated=2 beat=126 loss=407513326 foreign=646 self=224 reboots=242 legacy=0
ENET-LAB3 PASS: t=1788364823.092s peers=1/1 validated=2 beat=371 loss=407513326 foreign=646 self=224 reboots=242 legacy=0
ENET-LAB3 PASS: t=1788364823.296s peers=1/1 validated=2 beat=372 loss=407513326 foreign=646 self=226 reboots=242 legacy=0
ENET-LAB3 REBOOT: peer 0x88ba incarnation ef4f4a85 -> 1189e305 (seq restarts at 151; NOT a replay)
ENET-LAB3 REBOOT: peer 0x88ba incarnation ef4f4a85 -> 1189e305 (seq restarts at 151; NOT a replay)
ENET-LAB3 PASS: t=1788364823.297s peers=1/1 validated=2 beat=373 loss=407513476 foreign=646 self=226 reboots=243 legacy=0
ENET-LAB3 PASS: t=1788364823.498s peers=1/1 validated=2 beat=127 loss=407513476 foreign=646 self=227 reboots=243 legacy=0
ENET-LAB3 PASS: t=1788364823.500s peers=1/1 validated=2 beat=374 loss=407513476 foreign=646 self=227 reboots=243 legacy=0
ENET-LAB3 REBOOT: peer 0x88ba incarnation 1189e305 -> ef4f4a85 (seq restarts at 3367882; NOT a replay)
ENET-LAB3 REBOOT: peer 0x88ba incarnation 1189e305 -> ef4f4a85 (seq restarts at 3367882; NOT a replay)
ENET-LAB3 PASS: t=1788364823.500s peers=1/1 validated=2 beat=375 loss=410881357 foreign=646 self=227 reboots=244 legacy=0
ENET-LAB3 REBOOT: peer 0x88ba incarnation ef4f4a85 -> 1189e305 (seq restarts at 153; NOT a replay)
ENET-LAB3 REBOOT: peer 0x88ba incarnation ef4f4a85 -> 1189e305 (seq restarts at 153; NOT a replay)
ENET-LAB3 PASS: t=1788364823.704s peers=1/1 validated=2 beat=376 loss=410881509 foreign=647 self=227 reboots=245 legacy=0
ENET-LAB3 REBOOT: peer 0x88ba incarnation 1189e305 -> ef4f4a85 (seq restarts at 3367883; NOT a replay)
ENET-LAB3 REBOOT: peer 0x88ba incarnation 1189e305 -> ef4f4a85 (seq restarts at 3367883; NOT a replay)
ENET-LAB3 PASS: t=1788364823.706s peers=1/1 validated=2 beat=377 loss=414249391 foreign=647 self=227 reboots=246 legacy=0
ENET-LAB3 PASS: t=1788364823.706s peers=1/1 validated=2 beat=128 loss=414249391 foreign=647 self=228 reboots=246 legacy=0
ENET-LAB3 PASS: t=1788364823.911s peers=1/1 validated=2 beat=378 loss=414249391 foreign=650 self=228 reboots=246 legacy=0
ENET-LAB3 REBOOT: peer 0x88ba incarnation ef4f4a85 -> 1189e305 (seq restarts at 154; NOT a replay)
ENET-LAB3 REBOOT: peer 0x88ba incarnation ef4f4a85 -> 1189e305 (seq restarts at 154; NOT a replay)
ENET-LAB3 PASS: t=1788364823.913s peers=1/1 validated=2 beat=379 loss=414249544 foreign=650 self=228 reboots=247 legacy=0
ENET-LAB3 PASS: t=1788364823.913s peers=1/1 validated=2 beat=129 loss=414249544 foreign=650 self=229 reboots=247 legacy=0
ENET-LAB3 PASS: t=1788364824.118s peers=1/1 validated=2 beat=380 loss=414249544 foreign=653 self=229 reboots=247 legacy=0
ENET-LAB3 REBOOT: peer 0x88ba incarnation 1189e305 -> ef4f4a85 (seq restarts at 3367885; NOT a replay)
ENET-LAB3 REBOOT: peer 0x88ba incarnation 1189e305 -> ef4f4a85 (seq restarts at 3367885; NOT a replay)
ENET-LAB3 PASS: t=1788364824.120s peers=1/1 validated=2 beat=381 loss=417617428 foreign=653 self=229 reboots=248 legacy=0
ENET-LAB3 PASS: t=1788364824.120s peers=1/1 validated=2 beat=130 loss=417617428 foreign=653 self=230 reboots=248 legacy=0
ENET-LAB3 PASS: t=1788364824.324s peers=1/1 validated=2 beat=382 loss=417617428 foreign=653 self=231 reboots=248 legacy=0
ENET-LAB3 REBOOT: peer 0x88ba incarnation ef4f4a85 -> 1189e305 (seq restarts at 156; NOT a replay)
ENET-LAB3 REBOOT: peer 0x88ba incarnation ef4f4a85 -> 1189e305 (seq restarts at 156; NOT a replay)
ENET-LAB3 PASS: t=1788364824.325s peers=1/1 validated=2 beat=383 loss=417617583 foreign=653 self=231 reboots=249 legacy=0
ENET-LAB3 PASS: t=1788364824.435s peers=1/1 validated=2 beat=131 loss=417617583 foreign=654 self=231 reboots=249 legacy=0
ENET-LAB3 REBOOT: peer 0x88ba incarnation 1189e305 -> ef4f4a85 (seq restarts at 3367887; NOT a replay)
ENET-LAB3 REBOOT: peer 0x88ba incarnation 1189e305 -> ef4f4a85 (seq restarts at 3367887; NOT a replay)
ENET-LAB3 PASS: t=1788364824.529s peers=1/1 validated=2 beat=384 loss=420985469 foreign=654 self=231 reboots=250 legacy=0
ENET-LAB3 REBOOT: peer 0x88ba incarnation ef4f4a85 -> 1189e305 (seq restarts at 157; NOT a replay)
ENET-LAB3 REBOOT: peer 0x88ba incarnation ef4f4a85 -> 1189e305 (seq restarts at 157; NOT a replay)
ENET-LAB3 PASS: t=1788364824.530s peers=1/1 validated=2 beat=385 loss=420985625 foreign=654 self=231 reboots=251 legacy=0
ENET-LAB3 PASS: t=1788364824.679s peers=1/1 validated=2 beat=132 loss=420985625 foreign=656 self=232 reboots=251 legacy=0
ENET-LAB3 REBOOT: peer 0x88ba incarnation 1189e305 -> ef4f4a85 (seq restarts at 3367888; NOT a replay)
ENET-LAB3 REBOOT: peer 0x88ba incarnation 1189e305 -> ef4f4a85 (seq restarts at 3367888; NOT a replay)
ENET-LAB3 REBOOT: peer 0x88ba incarnation ef4f4a85 -> 1189e305 (seq restarts at 158; NOT a replay)
ENET-LAB3 PASS: t=1788364824.736s peers=1/1 validated=2 beat=386 loss=424353512 foreign=656 self=232 reboots=252 legacy=0
ENET-LAB3 REBOOT: peer 0x88ba incarnation ef4f4a85 -> 1189e305 (seq restarts at 158; NOT a replay)
ENET-LAB3 PASS: t=1788364824.737s peers=1/1 validated=2 beat=387 loss=424353669 foreign=656 self=232 reboots=253 legacy=0
ENET-LAB3 PASS: t=1788364824.939s peers=1/1 validated=2 beat=133 loss=424353669 foreign=656 self=234 reboots=253 legacy=0
ENET-LAB3 PASS: t=1788364824.941s peers=1/1 validated=2 beat=388 loss=424353669 foreign=656 self=234 reboots=253 legacy=0
ENET-LAB3 REBOOT: peer 0x88ba incarnation 1189e305 -> ef4f4a85 (seq restarts at 3367889; NOT a replay)
ENET-LAB3 REBOOT: peer 0x88ba incarnation 1189e305 -> ef4f4a85 (seq restarts at 3367889; NOT a replay)
ENET-LAB3 PASS: t=1788364824.941s peers=1/1 validated=2 beat=389 loss=427721557 foreign=656 self=234 reboots=254 legacy=0
ENET-LAB3 PASS: t=1788364825.145s peers=1/1 validated=2 beat=390 loss=427721557 foreign=659 self=234 reboots=254 legacy=0
ENET-LAB3 REBOOT: peer 0x88ba incarnation ef4f4a85 -> 1189e305 (seq restarts at 160; NOT a replay)
ENET-LAB3 REBOOT: peer 0x88ba incarnation ef4f4a85 -> 1189e305 (seq restarts at 160; NOT a replay)
ENET-LAB3 PASS: t=1788364825.146s peers=1/1 validated=2 beat=391 loss=427721716 foreign=659 self=234 reboots=255 legacy=0
ENET-LAB3 PASS: t=1788364825.147s peers=1/1 validated=2 beat=134 loss=427721716 foreign=659 self=235 reboots=255 legacy=0
ENET-LAB3 PASS: t=1788364825.350s peers=1/1 validated=2 beat=392 loss=427721716 foreign=659 self=236 reboots=255 legacy=0
ENET-LAB3 REBOOT: peer 0x88ba incarnation 1189e305 -> ef4f4a85 (seq restarts at 3367891; NOT a replay)
ENET-LAB3 REBOOT: peer 0x88ba incarnation 1189e305 -> ef4f4a85 (seq restarts at 3367891; NOT a replay)
ENET-LAB3 PASS: t=1788364825.351s peers=1/1 validated=2 beat=393 loss=431089606 foreign=659 self=236 reboots=256 legacy=0
ENET-LAB3 PASS: t=1788364825.396s peers=1/1 validated=2 beat=135 loss=431089606 foreign=660 self=236 reboots=256 legacy=0
ENET-LAB3 REBOOT: peer 0x88ba incarnation ef4f4a85 -> 1189e305 (seq restarts at 162; NOT a replay)
ENET-LAB3 REBOOT: peer 0x88ba incarnation ef4f4a85 -> 1189e305 (seq restarts at 162; NOT a replay)
ENET-LAB3 REBOOT: peer 0x88ba incarnation 1189e305 -> ef4f4a85 (seq restarts at 3367892; NOT a replay)
ENET-LAB3 PASS: t=1788364825.555s peers=1/1 validated=2 beat=394 loss=431089767 foreign=661 self=236 reboots=257 legacy=0
ENET-LAB3 REBOOT: peer 0x88ba incarnation 1189e305 -> ef4f4a85 (seq restarts at 3367892; NOT a replay)
ENET-LAB3 PASS: t=1788364825.556s peers=1/1 validated=2 beat=395 loss=434457658 foreign=661 self=236 reboots=258 legacy=0
ENET-LAB3 PASS: t=1788364825.695s peers=1/1 validated=2 beat=136 loss=434457658 foreign=662 self=237 reboots=258 legacy=0
ENET-LAB3 PASS: t=1788364825.762s peers=1/1 validated=2 beat=396 loss=434457658 foreign=662 self=237 reboots=258 legacy=0
ENET-LAB3 REBOOT: peer 0x88ba incarnation ef4f4a85 -> 1189e305 (seq restarts at 163; NOT a replay)
ENET-LAB3 REBOOT: peer 0x88ba incarnation ef4f4a85 -> 1189e305 (seq restarts at 163; NOT a replay)
ENET-LAB3 PASS: t=1788364825.763s peers=1/1 validated=2 beat=397 loss=434457820 foreign=662 self=237 reboots=259 legacy=0
[   64.496264] cfg80211: failed to load regulatory.db
ENET-LAB3 PASS: t=1788364825.950s peers=1/1 validated=2 beat=137 loss=434457820 foreign=663 self=238 reboots=259 legacy=0
ENET-LAB3 REBOOT: peer 0x88ba incarnation 1189e305 -> ef4f4a85 (seq restarts at 3367894; NOT a replay)
ENET-LAB3 REBOOT: peer 0x88ba incarnation 1189e305 -> ef4f4a85 (seq restarts at 3367894; NOT a replay)
ENET-LAB3 REBOOT: peer 0x88ba incarnation ef4f4a85 -> 1189e305 (seq restarts at 164; NOT a replay)
ENET-LAB3 PASS: t=1788364825.969s peers=1/1 validated=2 beat=398 loss=437825713 foreign=663 self=238 reboots=260 legacy=0
ENET-LAB3 REBOOT: peer 0x88ba incarnation ef4f4a85 -> 1189e305 (seq restarts at 164; NOT a replay)
ENET-LAB3 PASS: t=1788364825.969s peers=1/1 validated=2 beat=399 loss=437825876 foreign=663 self=238 reboots=261 legacy=0
ENET-LAB3 PASS: t=1788364826.171s peers=1/1 validated=2 beat=138 loss=437825876 foreign=663 self=240 reboots=261 legacy=0
ENET-LAB3 PASS: t=1788364826.173s peers=1/1 validated=2 beat=400 loss=437825876 foreign=663 self=240 reboots=261 legacy=0
ENET-LAB3 REBOOT: peer 0x88ba incarnation 1189e305 -> ef4f4a85 (seq restarts at 3367895; NOT a replay)
ENET-LAB3 REBOOT: peer 0x88ba incarnation 1189e305 -> ef4f4a85 (seq restarts at 3367895; NOT a replay)
ENET-LAB3 PASS: t=1788364826.173s peers=1/1 validated=2 beat=401 loss=441193770 foreign=663 self=240 reboots=262 legacy=0
ENET-LAB3 PASS: t=1788364826.377s peers=1/1 validated=2 beat=402 loss=441193770 foreign=669 self=240 reboots=262 legacy=0
ENET-LAB3 REBOOT: peer 0x88ba incarnation ef4f4a85 -> 1189e305 (seq restarts at 166; NOT a replay)
ENET-LAB3 REBOOT: peer 0x88ba incarnation ef4f4a85 -> 1189e305 (seq restarts at 166; NOT a replay)
ENET-LAB3 PASS: t=1788364826.379s peers=1/1 validated=2 beat=139 loss=441193935 foreign=669 self=241 reboots=263 legacy=0
ENET-LAB3 PASS: t=1788364826.379s peers=1/1 validated=2 beat=403 loss=441193935 foreign=669 self=240 reboots=263 legacy=0
ENET-LAB3 PASS: t=1788364826.617s peers=1/1 validated=2 beat=404 loss=441193935 foreign=674 self=241 reboots=263 legacy=0
ENET-LAB3 REBOOT: peer 0x88ba incarnation 1189e305 -> ef4f4a85 (seq restarts at 3367897; NOT a replay)
ENET-LAB3 REBOOT: peer 0x88ba incarnation 1189e305 -> ef4f4a85 (seq restarts at 3367897; NOT a replay)
ENET-LAB3 PASS: t=1788364826.618s peers=1/1 validated=2 beat=405 loss=444561831 foreign=674 self=241 reboots=264 legacy=0
ENET-LAB3 PASS: t=1788364826.619s peers=1/1 validated=2 beat=140 loss=444561831 foreign=674 self=242 reboots=264 legacy=0
ENET-LAB3 PASS: t=1788364826.825s peers=1/1 validated=2 beat=406 loss=444561831 foreign=675 self=242 reboots=264 legacy=0
ENET-LAB3 REBOOT: peer 0x88ba incarnation ef4f4a85 -> 1189e305 (seq restarts at 168; NOT a replay)
ENET-LAB3 REBOOT: peer 0x88ba incarnation ef4f4a85 -> 1189e305 (seq restarts at 168; NOT a replay)
ENET-LAB3 PASS: t=1788364826.826s peers=1/1 validated=2 beat=141 loss=444561998 foreign=675 self=243 reboots=265 legacy=0
ENET-LAB3 PASS: t=1788364826.826s peers=1/1 validated=2 beat=407 loss=444561998 foreign=675 self=242 reboots=265 legacy=0
ENET-LAB3 REBOOT: peer 0x88ba incarnation 1189e305 -> ef4f4a85 (seq restarts at 3367899; NOT a replay)
ENET-LAB3 REBOOT: peer 0x88ba incarnation 1189e305 -> ef4f4a85 (seq restarts at 3367899; NOT a replay)
ENET-LAB3 PASS: t=1788364827.032s peers=1/1 validated=2 beat=408 loss=447929896 foreign=677 self=243 reboots=266 legacy=0
ENET-LAB3 REBOOT: peer 0x88ba incarnation ef4f4a85 -> 1189e305 (seq restarts at 169; NOT a replay)
ENET-LAB3 REBOOT: peer 0x88ba incarnation ef4f4a85 -> 1189e305 (seq restarts at 169; NOT a replay)
ENET-LAB3 PASS: t=1788364827.034s peers=1/1 validated=2 beat=409 loss=447930064 foreign=677 self=243 reboots=267 legacy=0
ENET-LAB3 PASS: t=1788364827.034s peers=1/1 validated=2 beat=142 loss=447930064 foreign=677 self=244 reboots=267 legacy=0
ENET-LAB3 REBOOT: peer 0x88ba incarnation 1189e305 -> ef4f4a85 (seq restarts at 3367900; NOT a replay)
ENET-LAB3 PASS: t=1788364827.238s peers=1/1 validated=2 beat=410 loss=447930064 foreign=677 self=245 reboots=267 legacy=0
ENET-LAB3 REBOOT: peer 0x88ba incarnation 1189e305 -> ef4f4a85 (seq restarts at 3367900; NOT a replay)
ENET-LAB3 PASS: t=1788364827.239s peers=1/1 validated=2 beat=411 loss=451297963 foreign=677 self=245 reboots=268 legacy=0
ENET-LAB3 PASS: t=1788364827.440s peers=1/1 validated=2 beat=143 loss=451297963 foreign=677 self=245 reboots=268 legacy=0
ENET-LAB3 REBOOT: peer 0x88ba incarnation ef4f4a85 -> 1189e305 (seq restarts at 171; NOT a replay)
ENET-LAB3 REBOOT: peer 0x88ba incarnation ef4f4a85 -> 1189e305 (seq restarts at 171; NOT a replay)
ENET-LAB3 PASS: t=1788364827.442s peers=1/1 validated=2 beat=412 loss=451298133 foreign=677 self=246 reboots=269 legacy=0
ENET-LAB3 REBOOT: peer 0x88ba incarnation 1189e305 -> ef4f4a85 (seq restarts at 3367901; NOT a replay)
ENET-LAB3 REBOOT: peer 0x88ba incarnation 1189e305 -> ef4f4a85 (seq restarts at 3367901; NOT a replay)
ENET-LAB3 PASS: t=1788364827.443s peers=1/1 validated=2 beat=413 loss=454666033 foreign=677 self=246 reboots=270 legacy=0
ENET-LAB3 REBOOT: peer 0x88ba incarnation ef4f4a85 -> 1189e305 (seq restarts at 172; NOT a replay)
ENET-LAB3 REBOOT: peer 0x88ba incarnation ef4f4a85 -> 1189e305 (seq restarts at 172; NOT a replay)
ENET-LAB3 PASS: t=1788364827.647s peers=1/1 validated=2 beat=414 loss=454666204 foreign=679 self=246 reboots=271 legacy=0
ENET-LAB3 REBOOT: peer 0x88ba incarnation 1189e305 -> ef4f4a85 (seq restarts at 3367902; NOT a replay)
ENET-LAB3 REBOOT: peer 0x88ba incarnation 1189e305 -> ef4f4a85 (seq restarts at 3367902; NOT a replay)
ENET-LAB3 PASS: t=1788364827.648s peers=1/1 validated=2 beat=415 loss=458034105 foreign=679 self=246 reboots=272 legacy=0
ENET-LAB3 PASS: t=1788364827.649s peers=1/1 validated=2 beat=144 loss=458034105 foreign=679 self=247 reboots=272 legacy=0
ENET-LAB3 PASS: t=1788364827.855s peers=1/1 validated=2 beat=416 loss=458034105 foreign=680 self=247 reboots=272 legacy=0
ENET-LAB3 REBOOT: peer 0x88ba incarnation ef4f4a85 -> 1189e305 (seq restarts at 173; NOT a replay)
ENET-LAB3 REBOOT: peer 0x88ba incarnation ef4f4a85 -> 1189e305 (seq restarts at 173; NOT a replay)
ENET-LAB3 PASS: t=1788364827.857s peers=1/1 validated=2 beat=417 loss=458034277 foreign=680 self=247 reboots=273 legacy=0
ENET-LAB3 PASS: t=1788364827.857s peers=1/1 validated=2 beat=145 loss=458034277 foreign=680 self=247 reboots=273 legacy=0
ENET-LAB3 REBOOT: peer 0x88ba incarnation 1189e305 -> ef4f4a85 (seq restarts at 3367904; NOT a replay)
ENET-LAB3 REBOOT: peer 0x88ba incarnation 1189e305 -> ef4f4a85 (seq restarts at 3367904; NOT a replay)
ENET-LAB3 PASS: t=1788364828.063s peers=1/1 validated=2 beat=418 loss=461402180 foreign=683 self=248 reboots=274 legacy=0
ENET-LAB3 REBOOT: peer 0x88ba incarnation ef4f4a85 -> 1189e305 (seq restarts at 174; NOT a replay)
ENET-LAB3 PASS: t=1788364828.064s peers=1/1 validated=2 beat=419 loss=461402353 foreign=683 self=248 reboots=275 legacy=0
ENET-LAB3 REBOOT: peer 0x88ba incarnation ef4f4a85 -> 1189e305 (seq restarts at 174; NOT a replay)
ENET-LAB3 PASS: t=1788364828.065s peers=1/1 validated=2 beat=146 loss=461402353 foreign=683 self=249 reboots=275 legacy=0
ENET-LAB3 PASS: t=1788364828.268s peers=1/1 validated=2 beat=420 loss=461402353 foreign=683 self=250 reboots=275 legacy=0
ENET-LAB3 REBOOT: peer 0x88ba incarnation 1189e305 -> ef4f4a85 (seq restarts at 3367905; NOT a replay)
ENET-LAB3 REBOOT: peer 0x88ba incarnation 1189e305 -> ef4f4a85 (seq restarts at 3367905; NOT a replay)
ENET-LAB3 PASS: t=1788364828.269s peers=1/1 validated=2 beat=421 loss=464770257 foreign=683 self=250 reboots=276 legacy=0
ENET-LAB3 PASS: t=1788364828.351s peers=1/1 validated=2 beat=147 loss=464770257 foreign=684 self=250 reboots=276 legacy=0
ENET-LAB3 REBOOT: peer 0x88ba incarnation ef4f4a85 -> 1189e305 (seq restarts at 176; NOT a replay)
ENET-LAB3 REBOOT: peer 0x88ba incarnation ef4f4a85 -> 1189e305 (seq restarts at 176; NOT a replay)
ENET-LAB3 PASS: t=1788364828.472s peers=1/1 validated=2 beat=422 loss=464770432 foreign=684 self=250 reboots=277 legacy=0
ENET-LAB3 REBOOT: peer 0x88ba incarnation 1189e305 -> ef4f4a85 (seq restarts at 3367906; NOT a replay)
ENET-LAB3 REBOOT: peer 0x88ba incarnation 1189e305 -> ef4f4a85 (seq restarts at 3367906; NOT a replay)
ENET-LAB3 PASS: t=1788364828.473s peers=1/1 validated=2 beat=423 loss=468138337 foreign=684 self=250 reboots=278 legacy=0
ENET-LAB3 PASS: t=1788364828.675s peers=1/1 validated=2 beat=148 loss=468138337 foreign=684 self=252 reboots=278 legacy=0
ENET-LAB3 REBOOT: peer 0x88ba incarnation ef4f4a85 -> 1189e305 (seq restarts at 177; NOT a replay)
ENET-LAB3 PASS: t=1788364828.676s peers=1/1 validated=2 beat=424 loss=468138337 foreign=684 self=252 reboots=278 legacy=0
ENET-LAB3 REBOOT: peer 0x88ba incarnation ef4f4a85 -> 1189e305 (seq restarts at 177; NOT a replay)
ENET-LAB3 PASS: t=1788364828.677s peers=1/1 validated=2 beat=425 loss=468138513 foreign=684 self=252 reboots=279 legacy=0
ENET-LAB3 PASS: t=1788364828.879s peers=1/1 validated=2 beat=149 loss=468138513 foreign=689 self=252 reboots=279 legacy=0
ENET-LAB3 REBOOT: peer 0x88ba incarnation 1189e305 -> ef4f4a85 (seq restarts at 3367908; NOT a replay)
ENET-LAB3 REBOOT: peer 0x88ba incarnation 1189e305 -> ef4f4a85 (seq restarts at 3367908; NOT a replay)
ENET-LAB3 REBOOT: peer 0x88ba incarnation ef4f4a85 -> 1189e305 (seq restarts at 178; NOT a replay)
ENET-LAB3 PASS: t=1788364828.880s peers=1/1 validated=2 beat=426 loss=471506420 foreign=689 self=253 reboots=280 legacy=0
ENET-LAB3 REBOOT: peer 0x88ba incarnation ef4f4a85 -> 1189e305 (seq restarts at 178; NOT a replay)
ENET-LAB3 PASS: t=1788364828.881s peers=1/1 validated=2 beat=427 loss=471506597 foreign=689 self=253 reboots=281 legacy=0
ENET-LAB3 REBOOT: peer 0x88ba incarnation 1189e305 -> ef4f4a85 (seq restarts at 3367909; NOT a replay)
ENET-LAB3 REBOOT: peer 0x88ba incarnation 1189e305 -> ef4f4a85 (seq restarts at 3367909; NOT a replay)
ENET-LAB3 PASS: t=1788364829.086s peers=1/1 validated=2 beat=428 loss=474874505 foreign=696 self=253 reboots=282 legacy=0
ENET-LAB3 REBOOT: peer 0x88ba incarnation ef4f4a85 -> 1189e305 (seq restarts at 179; NOT a replay)
ENET-LAB3 REBOOT: peer 0x88ba incarnation ef4f4a85 -> 1189e305 (seq restarts at 179; NOT a replay)
ENET-LAB3 PASS: t=1788364829.087s peers=1/1 validated=2 beat=429 loss=474874683 foreign=696 self=253 reboots=283 legacy=0
ENET-LAB3 PASS: t=1788364829.087s peers=1/1 validated=2 beat=150 loss=474874683 foreign=696 self=254 reboots=283 legacy=0
ENET-LAB3 REBOOT: peer 0x88ba incarnation 1189e305 -> ef4f4a85 (seq restarts at 3367910; NOT a replay)
ENET-LAB3 PASS: t=1788364829.292s peers=1/1 validated=2 beat=151 loss=474874683 foreign=705 self=255 reboots=283 legacy=0
ENET-LAB3 PASS: t=1788364829.293s peers=1/1 validated=2 beat=430 loss=478242592 foreign=705 self=255 reboots=284 legacy=0
ENET-LAB3 REBOOT: peer 0x88ba incarnation 1189e305 -> ef4f4a85 (seq restarts at 3367910; NOT a replay)
ENET-LAB3 REBOOT: peer 0x88ba incarnation ef4f4a85 -> 1189e305 (seq restarts at 180; NOT a replay)
ENET-LAB3 REBOOT: peer 0x88ba incarnation ef4f4a85 -> 1189e305 (seq restarts at 180; NOT a replay)
ENET-LAB3 PASS: t=1788364829.293s peers=1/1 validated=2 beat=431 loss=478242771 foreign=705 self=255 reboots=285 legacy=0
ENET-LAB3 REBOOT: peer 0x88ba incarnation 1189e305 -> ef4f4a85 (seq restarts at 3367911; NOT a replay)
ENET-LAB3 PASS: t=1788364829.499s peers=1/1 validated=2 beat=432 loss=478242771 foreign=719 self=255 reboots=285 legacy=0
ENET-LAB3 REBOOT: peer 0x88ba incarnation 1189e305 -> ef4f4a85 (seq restarts at 3367911; NOT a replay)
ENET-LAB3 PASS: t=1788364829.500s peers=1/1 validated=2 beat=152 loss=481610681 foreign=719 self=256 reboots=286 legacy=0
ENET-LAB3 PASS: t=1788364829.500s peers=1/1 validated=2 beat=433 loss=481610681 foreign=719 self=255 reboots=286 legacy=0
ENET-LAB3 PASS: t=1788364829.705s peers=1/1 validated=2 beat=434 loss=481610681 foreign=735 self=256 reboots=286 legacy=0
ENET-LAB3 REBOOT: peer 0x88ba incarnation ef4f4a85 -> 1189e305 (seq restarts at 182; NOT a replay)
ENET-LAB3 REBOOT: peer 0x88ba incarnation ef4f4a85 -> 1189e305 (seq restarts at 182; NOT a replay)
ENET-LAB3 PASS: t=1788364829.706s peers=1/1 validated=2 beat=435 loss=481610862 foreign=735 self=256 reboots=287 legacy=0
ENET-LAB3 PASS: t=1788364829.706s peers=1/1 validated=2 beat=153 loss=481610862 foreign=735 self=257 reboots=287 legacy=0
ENET-LAB3 REBOOT: peer 0x88ba incarnation 1189e305 -> ef4f4a85 (seq restarts at 3367913; NOT a replay)
ENET-LAB3 REBOOT: peer 0x88ba incarnation 1189e305 -> ef4f4a85 (seq restarts at 3367913; NOT a replay)
ENET-LAB3 REBOOT: peer 0x88ba incarnation ef4f4a85 -> 1189e305 (seq restarts at 183; NOT a replay)
ENET-LAB3 PASS: t=1788364829.913s peers=1/1 validated=2 beat=436 loss=484978774 foreign=742 self=257 reboots=288 legacy=0
ENET-LAB3 REBOOT: peer 0x88ba incarnation ef4f4a85 -> 1189e305 (seq restarts at 183; NOT a replay)
ENET-LAB3 PASS: t=1788364829.914s peers=1/1 validated=2 beat=154 loss=484978956 foreign=742 self=257 reboots=289 legacy=0
ENET-LAB3 PASS: t=1788364829.914s peers=1/1 validated=2 beat=437 loss=484978956 foreign=742 self=257 reboots=289 legacy=0
ENET-LAB3 REBOOT: peer 0x88ba incarnation 1189e305 -> ef4f4a85 (seq restarts at 3367914; NOT a replay)
ENET-LAB3 REBOOT: peer 0x88ba incarnation 1189e305 -> ef4f4a85 (seq restarts at 3367914; NOT a replay)
ENET-LAB3 PASS: t=1788364830.120s peers=1/1 validated=2 beat=438 loss=488346869 foreign=763 self=258 reboots=290 legacy=0
ENET-LAB3 REBOOT: peer 0x88ba incarnation ef4f4a85 -> 1189e305 (seq restarts at 184; NOT a replay)
ENET-LAB3 REBOOT: peer 0x88ba incarnation ef4f4a85 -> 1189e305 (seq restarts at 184; NOT a replay)
ENET-LAB3 PASS: t=1788364830.120s peers=1/1 validated=2 beat=439 loss=488347052 foreign=763 self=258 reboots=291 legacy=0
ENET-LAB3 PASS: t=1788364830.121s peers=1/1 validated=2 beat=155 loss=488347052 foreign=763 self=259 reboots=291 legacy=0
ENET-LAB3 REBOOT: peer 0x88ba incarnation 1189e305 -> ef4f4a85 (seq restarts at 3367915; NOT a replay)
ENET-LAB3 REBOOT: peer 0x88ba incarnation 1189e305 -> ef4f4a85 (seq restarts at 3367915; NOT a replay)
ENET-LAB3 REBOOT: peer 0x88ba incarnation ef4f4a85 -> 1189e305 (seq restarts at 185; NOT a replay)
ENET-LAB3 PASS: t=1788364830.327s peers=1/1 validated=2 beat=440 loss=491714966 foreign=771 self=259 reboots=292 legacy=0
ENET-LAB3 REBOOT: peer 0x88ba incarnation ef4f4a85 -> 1189e305 (seq restarts at 185; NOT a replay)
ENET-LAB3 PASS: t=1788364830.327s peers=1/1 validated=2 beat=156 loss=491715150 foreign=771 self=260 reboots=293 legacy=0
ENET-LAB3 PASS: t=1788364830.328s peers=1/1 validated=2 beat=441 loss=491715150 foreign=771 self=259 reboots=293 legacy=0
ENET-LAB3 REBOOT: peer 0x88ba incarnation 1189e305 -> ef4f4a85 (seq restarts at 3367916; NOT a replay)
ENET-LAB3 REBOOT: peer 0x88ba incarnation 1189e305 -> ef4f4a85 (seq restarts at 3367916; NOT a replay)
ENET-LAB3 PASS: t=1788364830.534s peers=1/1 validated=2 beat=442 loss=495083065 foreign=786 self=260 reboots=294 legacy=0
ENET-LAB3 REBOOT: peer 0x88ba incarnation ef4f4a85 -> 1189e305 (seq restarts at 186; NOT a replay)
ENET-LAB3 REBOOT: peer 0x88ba incarnation ef4f4a85 -> 1189e305 (seq restarts at 186; NOT a replay)
ENET-LAB3 PASS: t=1788364830.534s peers=1/1 validated=2 beat=443 loss=495083250 foreign=786 self=260 reboots=295 legacy=0
ENET-LAB3 PASS: t=1788364830.535s peers=1/1 validated=2 beat=157 loss=495083250 foreign=786 self=261 reboots=295 legacy=0
ENET-LAB3 REBOOT: peer 0x88ba incarnation 1189e305 -> ef4f4a85 (seq restarts at 3367917; NOT a replay)
ENET-LAB3 REBOOT: peer 0x88ba incarnation 1189e305 -> ef4f4a85 (seq restarts at 3367917; NOT a replay)
ENET-LAB3 PASS: t=1788364830.741s peers=1/1 validated=2 beat=444 loss=498451166 foreign=790 self=261 reboots=296 legacy=0
ENET-LAB3 REBOOT: peer 0x88ba incarnation ef4f4a85 -> 1189e305 (seq restarts at 187; NOT a replay)
ENET-LAB3 REBOOT: peer 0x88ba incarnation ef4f4a85 -> 1189e305 (seq restarts at 187; NOT a replay)
ENET-LAB3 PASS: t=1788364830.742s peers=1/1 validated=2 beat=445 loss=498451352 foreign=790 self=261 reboots=297 legacy=0
ENET-LAB3 PASS: t=1788364830.742s peers=1/1 validated=2 beat=158 loss=498451352 foreign=790 self=262 reboots=297 legacy=0
ENET-LAB3 REBOOT: peer 0x88ba incarnation 1189e305 -> ef4f4a85 (seq restarts at 3367918; NOT a replay)
ENET-LAB3 REBOOT: peer 0x88ba incarnation 1189e305 -> ef4f4a85 (seq restarts at 3367918; NOT a replay)
ENET-LAB3 PASS: t=1788364830.948s peers=1/1 validated=2 beat=446 loss=501819269 foreign=792 self=262 reboots=298 legacy=0
ENET-LAB3 REBOOT: peer 0x88ba incarnation ef4f4a85 -> 1189e305 (seq restarts at 188; NOT a replay)
ENET-LAB3 REBOOT: peer 0x88ba incarnation ef4f4a85 -> 1189e305 (seq restarts at 188; NOT a replay)
ENET-LAB3 PASS: t=1788364830.948s peers=1/1 validated=2 beat=447 loss=501819456 foreign=792 self=262 reboots=299 legacy=0
ENET-LAB3 PASS: t=1788364830.949s peers=1/1 validated=2 beat=159 loss=501819456 foreign=792 self=263 reboots=299 legacy=0
ENET-LAB3 REBOOT: peer 0x88ba incarnation 1189e305 -> ef4f4a85 (seq restarts at 3367919; NOT a replay)
ENET-LAB3 REBOOT: peer 0x88ba incarnation 1189e305 -> ef4f4a85 (seq restarts at 3367919; NOT a replay)
ENET-LAB3 REBOOT: peer 0x88ba incarnation ef4f4a85 -> 1189e305 (seq restarts at 189; NOT a replay)
ENET-LAB3 PASS: t=1788364831.155s peers=1/1 validated=2 beat=448 loss=505187374 foreign=799 self=263 reboots=300 legacy=0
ENET-LAB3 REBOOT: peer 0x88ba incarnation ef4f4a85 -> 1189e305 (seq restarts at 189; NOT a replay)
ENET-LAB3 PASS: t=1788364831.155s peers=1/1 validated=2 beat=160 loss=505187562 foreign=799 self=264 reboots=301 legacy=0
ENET-LAB3 PASS: t=1788364831.155s peers=1/1 validated=2 beat=449 loss=505187562 foreign=799 self=263 reboots=301 legacy=0
ENET-LAB3 REBOOT: peer 0x88ba incarnation 1189e305 -> ef4f4a85 (seq restarts at 3367920; NOT a replay)
ENET-LAB3 REBOOT: peer 0x88ba incarnation 1189e305 -> ef4f4a85 (seq restarts at 3367920; NOT a replay)
ENET-LAB3 PASS: t=1788364831.361s peers=1/1 validated=2 beat=450 loss=508555481 foreign=808 self=264 reboots=302 legacy=0
ENET-LAB3 REBOOT: peer 0x88ba incarnation ef4f4a85 -> 1189e305 (seq restarts at 190; NOT a replay)
ENET-LAB3 REBOOT: peer 0x88ba incarnation ef4f4a85 -> 1189e305 (seq restarts at 190; NOT a replay)
ENET-LAB3 PASS: t=1788364831.362s peers=1/1 validated=2 beat=451 loss=508555670 foreign=808 self=264 reboots=303 legacy=0
ENET-LAB3 PASS: t=1788364831.362s peers=1/1 validated=2 beat=161 loss=508555670 foreign=808 self=265 reboots=303 legacy=0
ENET-LAB3 REBOOT: peer 0x88ba incarnation 1189e305 -> ef4f4a85 (seq restarts at 3367921; NOT a replay)
ENET-LAB3 REBOOT: peer 0x88ba incarnation 1189e305 -> ef4f4a85 (seq restarts at 3367921; NOT a replay)
ENET-LAB3 PASS: t=1788364831.568s peers=1/1 validated=2 beat=452 loss=511923590 foreign=812 self=265 reboots=304 legacy=0
ENET-LAB3 REBOOT: peer 0x88ba incarnation ef4f4a85 -> 1189e305 (seq restarts at 191; NOT a replay)
ENET-LAB3 REBOOT: peer 0x88ba incarnation ef4f4a85 -> 1189e305 (seq restarts at 191; NOT a replay)
ENET-LAB3 PASS: t=1788364831.568s peers=1/1 validated=2 beat=453 loss=511923780 foreign=812 self=266 reboots=305 legacy=0
ENET-LAB3 PASS: t=1788364831.569s peers=1/1 validated=2 beat=162 loss=511923780 foreign=812 self=266 reboots=305 legacy=0
ENET-LAB3 PASS: t=1788364831.775s peers=1/1 validated=2 beat=454 loss=511923780 foreign=813 self=266 reboots=305 legacy=0
ENET-LAB3 REBOOT: peer 0x88ba incarnation 1189e305 -> ef4f4a85 (seq restarts at 3367922; NOT a replay)
ENET-LAB3 REBOOT: peer 0x88ba incarnation 1189e305 -> ef4f4a85 (seq restarts at 3367922; NOT a replay)
ENET-LAB3 PASS: t=1788364831.776s peers=1/1 validated=2 beat=455 loss=515291701 foreign=813 self=266 reboots=306 legacy=0
ENET-LAB3 PASS: t=1788364831.776s peers=1/1 validated=2 beat=163 loss=515291701 foreign=813 self=267 reboots=306 legacy=0
ENET-LAB3 REBOOT: peer 0x88ba incarnation ef4f4a85 -> 1189e305 (seq restarts at 193; NOT a replay)
ENET-LAB3 PASS: t=1788364831.979s peers=1/1 validated=2 beat=456 loss=515291701 foreign=813 self=268 reboots=306 legacy=0
ENET-LAB3 REBOOT: peer 0x88ba incarnation ef4f4a85 -> 1189e305 (seq restarts at 193; NOT a replay)
ENET-LAB3 PASS: t=1788364831.979s peers=1/1 validated=2 beat=457 loss=515291893 foreign=813 self=268 reboots=307 legacy=0
ENET-LAB3 PASS: t=1788364832.034s peers=1/1 validated=2 beat=164 loss=515291893 foreign=814 self=268 reboots=307 legacy=0
ENET-LAB3 REBOOT: peer 0x88ba incarnation 1189e305 -> ef4f4a85 (seq restarts at 3367924; NOT a replay)
ENET-LAB3 REBOOT: peer 0x88ba incarnation 1189e305 -> ef4f4a85 (seq restarts at 3367924; NOT a replay)
ENET-LAB3 REBOOT: peer 0x88ba incarnation ef4f4a85 -> 1189e305 (seq restarts at 194; NOT a replay)
ENET-LAB3 PASS: t=1788364832.184s peers=1/1 validated=2 beat=458 loss=518659816 foreign=817 self=268 reboots=308 legacy=0
ENET-LAB3 REBOOT: peer 0x88ba incarnation ef4f4a85 -> 1189e305 (seq restarts at 194; NOT a replay)
ENET-LAB3 PASS: t=1788364832.184s peers=1/1 validated=2 beat=459 loss=518660009 foreign=817 self=268 reboots=309 legacy=0
ENET-LAB3 REBOOT: peer 0x88ba incarnation 1189e305 -> ef4f4a85 (seq restarts at 3367925; NOT a replay)
ENET-LAB3 REBOOT: peer 0x88ba incarnation 1189e305 -> ef4f4a85 (seq restarts at 3367925; NOT a replay)
ENET-LAB3 REBOOT: peer 0x88ba incarnation ef4f4a85 -> 1189e305 (seq restarts at 195; NOT a replay)
ENET-LAB3 PASS: t=1788364832.391s peers=1/1 validated=2 beat=460 loss=522027933 foreign=821 self=269 reboots=310 legacy=0
ENET-LAB3 REBOOT: peer 0x88ba incarnation ef4f4a85 -> 1189e305 (seq restarts at 195; NOT a replay)
ENET-LAB3 PASS: t=1788364832.392s peers=1/1 validated=2 beat=461 loss=522028127 foreign=821 self=269 reboots=311 legacy=0
ENET-LAB3 PASS: t=1788364832.392s peers=1/1 validated=2 beat=165 loss=522028127 foreign=821 self=270 reboots=311 legacy=0
ENET-LAB3 REBOOT: peer 0x88ba incarnation 1189e305 -> ef4f4a85 (seq restarts at 3367926; NOT a replay)
ENET-LAB3 REBOOT: peer 0x88ba incarnation 1189e305 -> ef4f4a85 (seq restarts at 3367926; NOT a replay)
ENET-LAB3 REBOOT: peer 0x88ba incarnation ef4f4a85 -> 1189e305 (seq restarts at 196; NOT a replay)
ENET-LAB3 PASS: t=1788364832.598s peers=1/1 validated=2 beat=462 loss=525396052 foreign=822 self=270 reboots=312 legacy=0
ENET-LAB3 REBOOT: peer 0x88ba incarnation ef4f4a85 -> 1189e305 (seq restarts at 196; NOT a replay)
ENET-LAB3 PASS: t=1788364832.599s peers=1/1 validated=2 beat=166 loss=525396247 foreign=822 self=271 reboots=313 legacy=0
ENET-LAB3 PASS: t=1788364832.599s peers=1/1 validated=2 beat=463 loss=525396247 foreign=822 self=270 reboots=313 legacy=0
ENET-LAB3 PASS: t=1788364832.806s peers=1/1 validated=2 beat=464 loss=525396247 foreign=823 self=271 reboots=313 legacy=0
ENET-LAB3 REBOOT: peer 0x88ba incarnation 1189e305 -> ef4f4a85 (seq restarts at 3367927; NOT a replay)
ENET-LAB3 REBOOT: peer 0x88ba incarnation 1189e305 -> ef4f4a85 (seq restarts at 3367927; NOT a replay)
ENET-LAB3 PASS: t=1788364832.807s peers=1/1 validated=2 beat=465 loss=528764173 foreign=823 self=271 reboots=314 legacy=0
ENET-LAB3 PASS: t=1788364832.807s peers=1/1 validated=2 beat=167 loss=528764173 foreign=823 self=272 reboots=314 legacy=0
ENET-LAB3 REBOOT: peer 0x88ba incarnation ef4f4a85 -> 1189e305 (seq restarts at 198; NOT a replay)
ENET-LAB3 PASS: t=1788364833.011s peers=1/1 validated=2 beat=466 loss=528764173 foreign=825 self=273 reboots=314 legacy=0
ENET-LAB3 REBOOT: peer 0x88ba incarnation ef4f4a85 -> 1189e305 (seq restarts at 198; NOT a replay)
ENET-LAB3 PASS: t=1788364833.011s peers=1/1 validated=2 beat=467 loss=528764370 foreign=825 self=273 reboots=315 legacy=0
ENET-LAB3 PASS: t=1788364833.051s peers=1/1 validated=2 beat=168 loss=528764370 foreign=826 self=273 reboots=315 legacy=0
ENET-LAB3 REBOOT: peer 0x88ba incarnation 1189e305 -> ef4f4a85 (seq restarts at 3367929; NOT a replay)
ENET-LAB3 REBOOT: peer 0x88ba incarnation 1189e305 -> ef4f4a85 (seq restarts at 3367929; NOT a replay)
ENET-LAB3 PASS: t=1788364833.214s peers=1/1 validated=2 beat=468 loss=532132298 foreign=829 self=273 reboots=316 legacy=0
ENET-LAB3 REBOOT: peer 0x88ba incarnation ef4f4a85 -> 1189e305 (seq restarts at 199; NOT a replay)
ENET-LAB3 REBOOT: peer 0x88ba incarnation ef4f4a85 -> 1189e305 (seq restarts at 199; NOT a replay)
ENET-LAB3 PASS: t=1788364833.215s peers=1/1 validated=2 beat=469 loss=532132496 foreign=829 self=273 reboots=317 legacy=0
ENET-LAB3 REBOOT: peer 0x88ba incarnation 1189e305 -> ef4f4a85 (seq restarts at 3367930; NOT a replay)
ENET-LAB3 REBOOT: peer 0x88ba incarnation 1189e305 -> ef4f4a85 (seq restarts at 3367930; NOT a replay)
ENET-LAB3 REBOOT: peer 0x88ba incarnation ef4f4a85 -> 1189e305 (seq restarts at 200; NOT a replay)
ENET-LAB3 PASS: t=1788364833.421s peers=1/1 validated=2 beat=470 loss=535500425 foreign=831 self=274 reboots=318 legacy=0
ENET-LAB3 REBOOT: peer 0x88ba incarnation ef4f4a85 -> 1189e305 (seq restarts at 200; NOT a replay)
ENET-LAB3 PASS: t=1788364833.422s peers=1/1 validated=2 beat=471 loss=535500624 foreign=831 self=274 reboots=319 legacy=0
ENET-LAB3 PASS: t=1788364833.422s peers=1/1 validated=2 beat=169 loss=535500624 foreign=831 self=275 reboots=319 legacy=0
ENET-LAB3 REBOOT: peer 0x88ba incarnation 1189e305 -> ef4f4a85 (seq restarts at 3367931; NOT a replay)
ENET-LAB3 PASS: t=1788364833.625s peers=1/1 validated=2 beat=472 loss=535500624 foreign=831 self=276 reboots=319 legacy=0
ENET-LAB3 REBOOT: peer 0x88ba incarnation 1189e305 -> ef4f4a85 (seq restarts at 3367931; NOT a replay)
ENET-LAB3 PASS: t=1788364833.626s peers=1/1 validated=2 beat=473 loss=538868554 foreign=831 self=276 reboots=320 legacy=0
ENET-LAB3 PASS: t=1788364833.708s peers=1/1 validated=2 beat=170 loss=538868554 foreign=832 self=276 reboots=320 legacy=0
ENET-LAB3 REBOOT: peer 0x88ba incarnation ef4f4a85 -> 1189e305 (seq restarts at 202; NOT a replay)
ENET-LAB3 REBOOT: peer 0x88ba incarnation ef4f4a85 -> 1189e305 (seq restarts at 202; NOT a replay)
ENET-LAB3 REBOOT: peer 0x88ba incarnation 1189e305 -> ef4f4a85 (seq restarts at 3367932; NOT a replay)
ENET-LAB3 PASS: t=1788364833.830s peers=1/1 validated=2 beat=474 loss=538868755 foreign=832 self=276 reboots=321 legacy=0
ENET-LAB3 REBOOT: peer 0x88ba incarnation 1189e305 -> ef4f4a85 (seq restarts at 3367932; NOT a replay)
ENET-LAB3 PASS: t=1788364833.830s peers=1/1 validated=2 beat=475 loss=542236686 foreign=832 self=276 reboots=322 legacy=0
ENET-LAB3 PASS: t=1788364834.019s peers=1/1 validated=2 beat=171 loss=542236686 foreign=833 self=277 reboots=322 legacy=0
ENET-LAB3 REBOOT: peer 0x88ba incarnation ef4f4a85 -> 1189e305 (seq restarts at 203; NOT a replay)
ENET-LAB3 REBOOT: peer 0x88ba incarnation ef4f4a85 -> 1189e305 (seq restarts at 203; NOT a replay)
ENET-LAB3 PASS: t=1788364834.036s peers=1/1 validated=2 beat=476 loss=542236888 foreign=833 self=277 reboots=323 legacy=0
ENET-LAB3 REBOOT: peer 0x88ba incarnation 1189e305 -> ef4f4a85 (seq restarts at 3367933; NOT a replay)
ENET-LAB3 REBOOT: peer 0x88ba incarnation 1189e305 -> ef4f4a85 (seq restarts at 3367933; NOT a replay)
ENET-LAB3 PASS: t=1788364834.037s peers=1/1 validated=2 beat=477 loss=545604820 foreign=833 self=277 reboots=324 legacy=0
ENET-LAB3 PASS: t=1788364834.243s peers=1/1 validated=2 beat=172 loss=545604820 foreign=835 self=278 reboots=324 legacy=0
ENET-LAB3 PASS: t=1788364834.243s peers=1/1 validated=2 beat=478 loss=545604820 foreign=835 self=278 reboots=324 legacy=0
ENET-LAB3 REBOOT: peer 0x88ba incarnation ef4f4a85 -> 1189e305 (seq restarts at 204; NOT a replay)
ENET-LAB3 PASS: t=1788364834.243s peers=1/1 validated=2 beat=479 loss=545605023 foreign=835 self=279 reboots=325 legacy=0
ENET-LAB3 REBOOT: peer 0x88ba incarnation ef4f4a85 -> 1189e305 (seq restarts at 204; NOT a replay)
ENET-LAB3 REBOOT: peer 0x88ba incarnation 1189e305 -> ef4f4a85 (seq restarts at 3367935; NOT a replay)
ENET-LAB3 PASS: t=1788364834.446s peers=1/1 validated=2 beat=480 loss=545605023 foreign=835 self=280 reboots=325 legacy=0
ENET-LAB3 REBOOT: peer 0x88ba incarnation 1189e305 -> ef4f4a85 (seq restarts at 3367935; NOT a replay)
ENET-LAB3 PASS: t=1788364834.447s peers=1/1 validated=2 beat=481 loss=548972957 foreign=835 self=280 reboots=326 legacy=0
ENET-LAB3 PASS: t=1788364834.555s peers=1/1 validated=2 beat=173 loss=548972957 foreign=837 self=280 reboots=326 legacy=0
ENET-LAB3 PASS: t=1788364834.650s peers=1/1 validated=2 beat=482 loss=548972957 foreign=837 self=280 reboots=326 legacy=0
ENET-LAB3 REBOOT: peer 0x88ba incarnation ef4f4a85 -> 1189e305 (seq restarts at 206; NOT a replay)
ENET-LAB3 REBOOT: peer 0x88ba incarnation ef4f4a85 -> 1189e305 (seq restarts at 206; NOT a replay)
ENET-LAB3 PASS: t=1788364834.651s peers=1/1 validated=2 beat=483 loss=548973162 foreign=837 self=280 reboots=327 legacy=0
ENET-LAB3 PASS: t=1788364834.853s peers=1/1 validated=2 beat=174 loss=548973162 foreign=837 self=282 reboots=327 legacy=0
ENET-LAB3 REBOOT: peer 0x88ba incarnation 1189e305 -> ef4f4a85 (seq restarts at 3367937; NOT a replay)
ENET-LAB3 PASS: t=1788364834.854s peers=1/1 validated=2 beat=484 loss=548973162 foreign=837 self=282 reboots=327 legacy=0
ENET-LAB3 REBOOT: peer 0x88ba incarnation 1189e305 -> ef4f4a85 (seq restarts at 3367937; NOT a replay)
ENET-LAB3 PASS: t=1788364834.855s peers=1/1 validated=2 beat=485 loss=552341098 foreign=837 self=282 reboots=328 legacy=0
ENET-LAB3 PASS: t=1788364835.056s peers=1/1 validated=2 beat=175 loss=552341098 foreign=837 self=283 reboots=328 legacy=0
ENET-LAB3 REBOOT: peer 0x88ba incarnation ef4f4a85 -> 1189e305 (seq restarts at 208; NOT a replay)
ENET-LAB3 REBOOT: peer 0x88ba incarnation ef4f4a85 -> 1189e305 (seq restarts at 208; NOT a replay)
ENET-LAB3 PASS: t=1788364835.058s peers=1/1 validated=2 beat=486 loss=552341305 foreign=837 self=283 reboots=329 legacy=0
ENET-LAB3 REBOOT: peer 0x88ba incarnation 1189e305 -> ef4f4a85 (seq restarts at 3367938; NOT a replay)
ENET-LAB3 REBOOT: peer 0x88ba incarnation 1189e305 -> ef4f4a85 (seq restarts at 3367938; NOT a replay)
ENET-LAB3 PASS: t=1788364835.058s peers=1/1 validated=2 beat=487 loss=555709242 foreign=837 self=283 reboots=330 legacy=0
ENET-LAB3 REBOOT: peer 0x88ba incarnation ef4f4a85 -> 1189e305 (seq restarts at 209; NOT a replay)
ENET-LAB3 REBOOT: peer 0x88ba incarnation ef4f4a85 -> 1189e305 (seq restarts at 209; NOT a replay)
ENET-LAB3 REBOOT: peer 0x88ba incarnation 1189e305 -> ef4f4a85 (seq restarts at 3367939; NOT a replay)
ENET-LAB3 PASS: t=1788364835.262s peers=1/1 validated=2 beat=488 loss=555709450 foreign=840 self=283 reboots=331 legacy=0
ENET-LAB3 REBOOT: peer 0x88ba incarnation 1189e305 -> ef4f4a85 (seq restarts at 3367939; NOT a replay)
ENET-LAB3 PASS: t=1788364835.262s peers=1/1 validated=2 beat=176 loss=559077388 foreign=840 self=284 reboots=332 legacy=0
ENET-LAB3 PASS: t=1788364835.262s peers=1/1 validated=2 beat=489 loss=559077388 foreign=840 self=283 reboots=332 legacy=0
ENET-LAB3 REBOOT: peer 0x88ba incarnation ef4f4a85 -> 1189e305 (seq restarts at 210; NOT a replay)
ENET-LAB3 PASS: t=1788364835.465s peers=1/1 validated=2 beat=490 loss=559077388 foreign=840 self=285 reboots=332 legacy=0
ENET-LAB3 REBOOT: peer 0x88ba incarnation ef4f4a85 -> 1189e305 (seq restarts at 210; NOT a replay)
ENET-LAB3 PASS: t=1788364835.466s peers=1/1 validated=2 beat=491 loss=559077597 foreign=840 self=285 reboots=333 legacy=0
ENET-LAB3 PASS: t=1788364835.667s peers=1/1 validated=2 beat=177 loss=559077597 foreign=840 self=286 reboots=333 legacy=0
ENET-LAB3 REBOOT: peer 0x88ba incarnation 1189e305 -> ef4f4a85 (seq restarts at 3367941; NOT a replay)
ENET-LAB3 REBOOT: peer 0x88ba incarnation 1189e305 -> ef4f4a85 (seq restarts at 3367941; NOT a replay)
ENET-LAB3 REBOOT: peer 0x88ba incarnation ef4f4a85 -> 1189e305 (seq restarts at 211; NOT a replay)
ENET-LAB3 PASS: t=1788364835.669s peers=1/1 validated=2 beat=492 loss=562445537 foreign=840 self=286 reboots=334 legacy=0
ENET-LAB3 REBOOT: peer 0x88ba incarnation ef4f4a85 -> 1189e305 (seq restarts at 211; NOT a replay)
ENET-LAB3 PASS: t=1788364835.670s peers=1/1 validated=2 beat=493 loss=562445747 foreign=840 self=286 reboots=335 legacy=0
ENET-LAB3 REBOOT: peer 0x88ba incarnation 1189e305 -> ef4f4a85 (seq restarts at 3367942; NOT a replay)
ENET-LAB3 REBOOT: peer 0x88ba incarnation 1189e305 -> ef4f4a85 (seq restarts at 3367942; NOT a replay)
ENET-LAB3 REBOOT: peer 0x88ba incarnation ef4f4a85 -> 1189e305 (seq restarts at 212; NOT a replay)
ENET-LAB3 PASS: t=1788364835.873s peers=1/1 validated=2 beat=494 loss=565813688 foreign=842 self=286 reboots=336 legacy=0
ENET-LAB3 REBOOT: peer 0x88ba incarnation ef4f4a85 -> 1189e305 (seq restarts at 212; NOT a replay)
ENET-LAB3 PASS: t=1788364835.874s peers=1/1 validated=2 beat=495 loss=565813899 foreign=842 self=286 reboots=337 legacy=0
ENET-LAB3 PASS: t=1788364835.874s peers=1/1 validated=2 beat=178 loss=565813899 foreign=842 self=287 reboots=337 legacy=0
ENET-LAB3 REBOOT: peer 0x88ba incarnation 1189e305 -> ef4f4a85 (seq restarts at 3367943; NOT a replay)
ENET-LAB3 REBOOT: peer 0x88ba incarnation 1189e305 -> ef4f4a85 (seq restarts at 3367943; NOT a replay)
ENET-LAB3 PASS: t=1788364836.077s peers=1/1 validated=2 beat=496 loss=569181841 foreign=842 self=288 reboots=338 legacy=0
ENET-LAB3 REBOOT: peer 0x88ba incarnation ef4f4a85 -> 1189e305 (seq restarts at 213; NOT a replay)
ENET-LAB3 REBOOT: peer 0x88ba incarnation ef4f4a85 -> 1189e305 (seq restarts at 213; NOT a replay)
ENET-LAB3 PASS: t=1788364836.077s peers=1/1 validated=2 beat=497 loss=569182053 foreign=842 self=288 reboots=339 legacy=0
ENET-LAB3 PASS: t=1788364836.244s peers=1/1 validated=2 beat=179 loss=569182053 foreign=842 self=288 reboots=339 legacy=0
ENET-LAB3 REBOOT: peer 0x88ba incarnation 1189e305 -> ef4f4a85 (seq restarts at 3367944; NOT a replay)
ENET-LAB3 REBOOT: peer 0x88ba incarnation 1189e305 -> ef4f4a85 (seq restarts at 3367944; NOT a replay)
ENET-LAB3 PASS: t=1788364836.281s peers=1/1 validated=2 beat=498 loss=572549996 foreign=842 self=288 reboots=340 legacy=0
ENET-LAB3 REBOOT: peer 0x88ba incarnation ef4f4a85 -> 1189e305 (seq restarts at 214; NOT a replay)
ENET-LAB3 REBOOT: peer 0x88ba incarnation ef4f4a85 -> 1189e305 (seq restarts at 214; NOT a replay)
ENET-LAB3 PASS: t=1788364836.282s peers=1/1 validated=2 beat=499 loss=572550209 foreign=842 self=288 reboots=341 legacy=0
ENET-LAB3 REBOOT: peer 0x88ba incarnation 1189e305 -> ef4f4a85 (seq restarts at 3367945; NOT a replay)
ENET-LAB3 REBOOT: peer 0x88ba incarnation 1189e305 -> ef4f4a85 (seq restarts at 3367945; NOT a replay)
ENET-LAB3 REBOOT: peer 0x88ba incarnation ef4f4a85 -> 1189e305 (seq restarts at 215; NOT a replay)
ENET-LAB3 PASS: t=1788364836.488s peers=1/1 validated=2 beat=500 loss=575918153 foreign=844 self=289 reboots=342 legacy=0
ENET-LAB3 REBOOT: peer 0x88ba incarnation ef4f4a85 -> 1189e305 (seq restarts at 215; NOT a replay)
ENET-LAB3 PASS: t=1788364836.489s peers=1/1 validated=2 beat=180 loss=575918367 foreign=844 self=290 reboots=343 legacy=0
ENET-LAB3 PASS: t=1788364836.489s peers=1/1 validated=2 beat=501 loss=575918367 foreign=844 self=289 reboots=343 legacy=0
ENET-LAB3 REBOOT: peer 0x88ba incarnation 1189e305 -> ef4f4a85 (seq restarts at 3367946; NOT a replay)
ENET-LAB3 REBOOT: peer 0x88ba incarnation 1189e305 -> ef4f4a85 (seq restarts at 3367946; NOT a replay)
ENET-LAB3 REBOOT: peer 0x88ba incarnation ef4f4a85 -> 1189e305 (seq restarts at 216; NOT a replay)
ENET-LAB3 PASS: t=1788364836.695s peers=1/1 validated=2 beat=502 loss=579286312 foreign=849 self=290 reboots=344 legacy=0
ENET-LAB3 PASS: t=1788364836.696s peers=1/1 validated=2 beat=181 loss=579286527 foreign=849 self=291 reboots=345 legacy=0
ENET-LAB3 REBOOT: peer 0x88ba incarnation ef4f4a85 -> 1189e305 (seq restarts at 216; NOT a replay)
ENET-LAB3 PASS: t=1788364836.696s peers=1/1 validated=2 beat=503 loss=579286527 foreign=849 self=290 reboots=345 legacy=0
ENET-LAB3 PASS: t=1788364836.901s peers=1/1 validated=2 beat=504 loss=579286527 foreign=850 self=291 reboots=345 legacy=0
ENET-LAB3 REBOOT: peer 0x88ba incarnation 1189e305 -> ef4f4a85 (seq restarts at 3367947; NOT a replay)
ENET-LAB3 REBOOT: peer 0x88ba incarnation 1189e305 -> ef4f4a85 (seq restarts at 3367947; NOT a replay)
ENET-LAB3 PASS: t=1788364836.902s peers=1/1 validated=2 beat=505 loss=582654473 foreign=850 self=291 reboots=346 legacy=0
ENET-LAB3 PASS: t=1788364836.902s peers=1/1 validated=2 beat=182 loss=582654473 foreign=850 self=292 reboots=346 legacy=0
ENET-LAB3 PASS: t=1788364837.106s peers=1/1 validated=2 beat=506 loss=582654473 foreign=850 self=293 reboots=346 legacy=0
ENET-LAB3 REBOOT: peer 0x88ba incarnation ef4f4a85 -> 1189e305 (seq restarts at 218; NOT a replay)
ENET-LAB3 REBOOT: peer 0x88ba incarnation ef4f4a85 -> 1189e305 (seq restarts at 218; NOT a replay)
ENET-LAB3 PASS: t=1788364837.106s peers=1/1 validated=2 beat=507 loss=582654690 foreign=850 self=293 reboots=347 legacy=0
ENET-LAB3 PASS: t=1788364837.131s peers=1/1 validated=2 beat=183 loss=582654690 foreign=851 self=293 reboots=347 legacy=0
ENET-LAB3 PASS: t=1788364837.507s peers=1/1 validated=2 beat=184 loss=582654690 foreign=856 self=295 reboots=347 legacy=0
ENET-LAB3 REBOOT: peer 0x88ba incarnation 1189e305 -> ef4f4a85 (seq restarts at 3367949; NOT a replay)
ENET-LAB3 REBOOT: peer 0x88ba incarnation 1189e305 -> ef4f4a85 (seq restarts at 3367949; NOT a replay)
ENET-LAB3 REBOOT: peer 0x88ba incarnation ef4f4a85 -> 1189e305 (seq restarts at 219; NOT a replay)
ENET-LAB3 PASS: t=1788364837.508s peers=1/1 validated=2 beat=508 loss=586022638 foreign=856 self=295 reboots=348 legacy=0
ENET-LAB3 REBOOT: peer 0x88ba incarnation ef4f4a85 -> 1189e305 (seq restarts at 219; NOT a replay)
ENET-LAB3 PASS: t=1788364837.509s peers=1/1 validated=2 beat=509 loss=586022856 foreign=856 self=295 reboots=349 legacy=0
ENET-LAB3 REBOOT: peer 0x88ba incarnation 1189e305 -> ef4f4a85 (seq restarts at 3367950; NOT a replay)
ENET-LAB3 REBOOT: peer 0x88ba incarnation 1189e305 -> ef4f4a85 (seq restarts at 3367950; NOT a replay)
ENET-LAB3 REBOOT: peer 0x88ba incarnation ef4f4a85 -> 1189e305 (seq restarts at 220; NOT a replay)
ENET-LAB3 PASS: t=1788364837.713s peers=1/1 validated=2 beat=510 loss=589390805 foreign=860 self=295 reboots=350 legacy=0
ENET-LAB3 REBOOT: peer 0x88ba incarnation ef4f4a85 -> 1189e305 (seq restarts at 220; NOT a replay)
ENET-LAB3 PASS: t=1788364837.713s peers=1/1 validated=2 beat=511 loss=589391024 foreign=860 self=295 reboots=351 legacy=0
ENET-LAB3 PASS: t=1788364837.713s peers=1/1 validated=2 beat=185 loss=589391024 foreign=860 self=296 reboots=351 legacy=0
ENET-LAB3 REBOOT: peer 0x88ba incarnation 1189e305 -> ef4f4a85 (seq restarts at 3367951; NOT a replay)
ENET-LAB3 REBOOT: peer 0x88ba incarnation 1189e305 -> ef4f4a85 (seq restarts at 3367951; NOT a replay)
ENET-LAB3 PASS: t=1788364837.917s peers=1/1 validated=2 beat=512 loss=592758974 foreign=860 self=297 reboots=352 legacy=0
ENET-LAB3 REBOOT: peer 0x88ba incarnation ef4f4a85 -> 1189e305 (seq restarts at 221; NOT a replay)
ENET-LAB3 REBOOT: peer 0x88ba incarnation ef4f4a85 -> 1189e305 (seq restarts at 221; NOT a replay)
ENET-LAB3 PASS: t=1788364837.917s peers=1/1 validated=2 beat=513 loss=592759194 foreign=860 self=297 reboots=353 legacy=0
ENET-LAB3 PASS: t=1788364838.119s peers=1/1 validated=2 beat=186 loss=592759194 foreign=860 self=298 reboots=353 legacy=0
ENET-LAB3 REBOOT: peer 0x88ba incarnation 1189e305 -> ef4f4a85 (seq restarts at 3367952; NOT a replay)
ENET-LAB3 REBOOT: peer 0x88ba incarnation 1189e305 -> ef4f4a85 (seq restarts at 3367952; NOT a replay)
ENET-LAB3 REBOOT: peer 0x88ba incarnation ef4f4a85 -> 1189e305 (seq restarts at 222; NOT a replay)
ENET-LAB3 PASS: t=1788364838.121s peers=1/1 validated=2 beat=514 loss=596127145 foreign=860 self=298 reboots=354 legacy=0
ENET-LAB3 REBOOT: peer 0x88ba incarnation ef4f4a85 -> 1189e305 (seq restarts at 222; NOT a replay)
ENET-LAB3 PASS: t=1788364838.121s peers=1/1 validated=2 beat=515 loss=596127366 foreign=860 self=298 reboots=355 legacy=0
ENET-LAB3 REBOOT: peer 0x88ba incarnation 1189e305 -> ef4f4a85 (seq restarts at 3367953; NOT a replay)
ENET-LAB3 REBOOT: peer 0x88ba incarnation 1189e305 -> ef4f4a85 (seq restarts at 3367953; NOT a replay)
ENET-LAB3 PASS: t=1788364838.325s peers=1/1 validated=2 beat=516 loss=599495318 foreign=862 self=298 reboots=356 legacy=0
ENET-LAB3 REBOOT: peer 0x88ba incarnation ef4f4a85 -> 1189e305 (seq restarts at 223; NOT a replay)
ENET-LAB3 REBOOT: peer 0x88ba incarnation ef4f4a85 -> 1189e305 (seq restarts at 223; NOT a replay)
ENET-LAB3 PASS: t=1788364838.325s peers=1/1 validated=2 beat=517 loss=599495540 foreign=862 self=298 reboots=357 legacy=0
ENET-LAB3 PASS: t=1788364838.326s peers=1/1 validated=2 beat=187 loss=599495540 foreign=862 self=299 reboots=357 legacy=0
ENET-LAB3 REBOOT: peer 0x88ba incarnation 1189e305 -> ef4f4a85 (seq restarts at 3367954; NOT a replay)
ENET-LAB3 REBOOT: peer 0x88ba incarnation 1189e305 -> ef4f4a85 (seq restarts at 3367954; NOT a replay)
ENET-LAB3 REBOOT: peer 0x88ba incarnation ef4f4a85 -> 1189e305 (seq restarts at 224; NOT a replay)
ENET-LAB3 PASS: t=1788364838.531s peers=1/1 validated=2 beat=518 loss=602863493 foreign=863 self=299 reboots=358 legacy=0
ENET-LAB3 REBOOT: peer 0x88ba incarnation ef4f4a85 -> 1189e305 (seq restarts at 224; NOT a replay)
ENET-LAB3 PASS: t=1788364838.532s peers=1/1 validated=2 beat=519 loss=602863716 foreign=863 self=299 reboots=359 legacy=0
ENET-LAB3 PASS: t=1788364838.532s peers=1/1 validated=2 beat=188 loss=602863716 foreign=863 self=300 reboots=359 legacy=0
ENET-LAB3 REBOOT: peer 0x88ba incarnation 1189e305 -> ef4f4a85 (seq restarts at 3367955; NOT a replay)
ENET-LAB3 REBOOT: peer 0x88ba incarnation 1189e305 -> ef4f4a85 (seq restarts at 3367955; NOT a replay)
ENET-LAB3 PASS: t=1788364838.736s peers=1/1 validated=2 beat=520 loss=606231670 foreign=863 self=301 reboots=360 legacy=0
ENET-LAB3 REBOOT: peer 0x88ba incarnation ef4f4a85 -> 1189e305 (seq restarts at 225; NOT a replay)
ENET-LAB3 REBOOT: peer 0x88ba incarnation ef4f4a85 -> 1189e305 (seq restarts at 225; NOT a replay)
ENET-LAB3 PASS: t=1788364838.736s peers=1/1 validated=2 beat=521 loss=606231894 foreign=863 self=301 reboots=361 legacy=0
ENET-LAB3 PASS: t=1788364838.938s peers=1/1 validated=2 beat=189 loss=606231894 foreign=863 self=302 reboots=361 legacy=0
ENET-LAB3 REBOOT: peer 0x88ba incarnation 1189e305 -> ef4f4a85 (seq restarts at 3367956; NOT a replay)
ENET-LAB3 REBOOT: peer 0x88ba incarnation 1189e305 -> ef4f4a85 (seq restarts at 3367956; NOT a replay)
ENET-LAB3 REBOOT: peer 0x88ba incarnation ef4f4a85 -> 1189e305 (seq restarts at 226; NOT a replay)
ENET-LAB3 PASS: t=1788364838.940s peers=1/1 validated=2 beat=522 loss=609599849 foreign=863 self=302 reboots=362 legacy=0
ENET-LAB3 REBOOT: peer 0x88ba incarnation ef4f4a85 -> 1189e305 (seq restarts at 226; NOT a replay)
ENET-LAB3 PASS: t=1788364838.940s peers=1/1 validated=2 beat=523 loss=609600074 foreign=863 self=302 reboots=363 legacy=0
ENET-LAB3 REBOOT: peer 0x88ba incarnation 1189e305 -> ef4f4a85 (seq restarts at 3367957; NOT a replay)
ENET-LAB3 REBOOT: peer 0x88ba incarnation ef4f4a85 -> 1189e305 (seq restarts at 227; NOT a replay)
ENET-LAB3 REBOOT: peer 0x88ba incarnation 1189e305 -> ef4f4a85 (seq restarts at 3367957; NOT a replay)
ENET-LAB3 PASS: t=1788364839.144s peers=1/1 validated=2 beat=524 loss=612968030 foreign=864 self=302 reboots=364 legacy=0
ENET-LAB3 REBOOT: peer 0x88ba incarnation ef4f4a85 -> 1189e305 (seq restarts at 227; NOT a replay)
ENET-LAB3 PASS: t=1788364839.145s peers=1/1 validated=2 beat=525 loss=612968256 foreign=864 self=302 reboots=365 legacy=0
ENET-LAB3 PASS: t=1788364839.145s peers=1/1 validated=2 beat=190 loss=612968256 foreign=864 self=303 reboots=365 legacy=0
ENET-LAB3 REBOOT: peer 0x88ba incarnation 1189e305 -> ef4f4a85 (seq restarts at 3367958; NOT a replay)
ENET-LAB3 REBOOT: peer 0x88ba incarnation 1189e305 -> ef4f4a85 (seq restarts at 3367958; NOT a replay)
ENET-LAB3 PASS: t=1788364839.351s peers=1/1 validated=2 beat=526 loss=616336213 foreign=865 self=303 reboots=366 legacy=0
ENET-LAB3 REBOOT: peer 0x88ba incarnation ef4f4a85 -> 1189e305 (seq restarts at 228; NOT a replay)
ENET-LAB3 REBOOT: peer 0x88ba incarnation ef4f4a85 -> 1189e305 (seq restarts at 228; NOT a replay)
ENET-LAB3 PASS: t=1788364839.352s peers=1/1 validated=2 beat=527 loss=616336440 foreign=865 self=303 reboots=367 legacy=0
ENET-LAB3 PASS: t=1788364839.353s peers=1/1 validated=2 beat=191 loss=616336440 foreign=865 self=304 reboots=367 legacy=0
ENET-LAB3 REBOOT: peer 0x88ba incarnation 1189e305 -> ef4f4a85 (seq restarts at 3367959; NOT a replay)
ENET-LAB3 REBOOT: peer 0x88ba incarnation 1189e305 -> ef4f4a85 (seq restarts at 3367959; NOT a replay)
ENET-LAB3 PASS: t=1788364839.556s peers=1/1 validated=2 beat=528 loss=619704398 foreign=865 self=305 reboots=368 legacy=0
ENET-LAB3 REBOOT: peer 0x88ba incarnation ef4f4a85 -> 1189e305 (seq restarts at 229; NOT a replay)
ENET-LAB3 REBOOT: peer 0x88ba incarnation ef4f4a85 -> 1189e305 (seq restarts at 229; NOT a replay)
ENET-LAB3 PASS: t=1788364839.557s peers=1/1 validated=2 beat=529 loss=619704626 foreign=865 self=305 reboots=369 legacy=0
ENET-LAB3 PASS: t=1788364839.758s peers=1/1 validated=2 beat=192 loss=619704626 foreign=865 self=306 reboots=369 legacy=0
ENET-LAB3 REBOOT: peer 0x88ba incarnation 1189e305 -> ef4f4a85 (seq restarts at 3367960; NOT a replay)
ENET-LAB3 PASS: t=1788364839.760s peers=1/1 validated=2 beat=530 loss=619704626 foreign=865 self=306 reboots=369 legacy=0
ENET-LAB3 REBOOT: peer 0x88ba incarnation 1189e305 -> ef4f4a85 (seq restarts at 3367960; NOT a replay)
ENET-LAB3 PASS: t=1788364839.760s peers=1/1 validated=2 beat=531 loss=623072585 foreign=865 self=306 reboots=370 legacy=0
ENET-LAB3 PASS: t=1788364839.964s peers=1/1 validated=2 beat=532 loss=623072585 foreign=868 self=306 reboots=370 legacy=0
ENET-LAB3 REBOOT: peer 0x88ba incarnation ef4f4a85 -> 1189e305 (seq restarts at 231; NOT a replay)
ENET-LAB3 REBOOT: peer 0x88ba incarnation ef4f4a85 -> 1189e305 (seq restarts at 231; NOT a replay)
ENET-LAB3 PASS: t=1788364839.965s peers=1/1 validated=2 beat=533 loss=623072815 foreign=868 self=306 reboots=371 legacy=0
ENET-LAB3 PASS: t=1788364839.965s peers=1/1 validated=2 beat=193 loss=623072815 foreign=868 self=307 reboots=371 legacy=0
ENET-LAB3 REBOOT: peer 0x88ba incarnation 1189e305 -> ef4f4a85 (seq restarts at 3367962; NOT a replay)
ENET-LAB3 REBOOT: peer 0x88ba incarnation 1189e305 -> ef4f4a85 (seq restarts at 3367962; NOT a replay)
ENET-LAB3 PASS: t=1788364840.171s peers=1/1 validated=2 beat=534 loss=626440776 foreign=869 self=307 reboots=372 legacy=0
ENET-LAB3 REBOOT: peer 0x88ba incarnation ef4f4a85 -> 1189e305 (seq restarts at 232; NOT a replay)
ENET-LAB3 REBOOT: peer 0x88ba incarnation ef4f4a85 -> 1189e305 (seq restarts at 232; NOT a replay)
ENET-LAB3 PASS: t=1788364840.172s peers=1/1 validated=2 beat=535 loss=626441007 foreign=869 self=307 reboots=373 legacy=0
ENET-LAB3 PASS: t=1788364840.172s peers=1/1 validated=2 beat=194 loss=626441007 foreign=869 self=308 reboots=373 legacy=0
ENET-LAB3 REBOOT: peer 0x88ba incarnation 1189e305 -> ef4f4a85 (seq restarts at 3367963; NOT a replay)
ENET-LAB3 REBOOT: peer 0x88ba incarnation 1189e305 -> ef4f4a85 (seq restarts at 3367963; NOT a replay)
ENET-LAB3 PASS: t=1788364840.378s peers=1/1 validated=2 beat=536 loss=629808969 foreign=870 self=308 reboots=374 legacy=0
ENET-LAB3 REBOOT: peer 0x88ba incarnation ef4f4a85 -> 1189e305 (seq restarts at 233; NOT a replay)
ENET-LAB3 REBOOT: peer 0x88ba incarnation ef4f4a85 -> 1189e305 (seq restarts at 233; NOT a replay)
ENET-LAB3 PASS: t=1788364840.379s peers=1/1 validated=2 beat=537 loss=629809201 foreign=870 self=308 reboots=375 legacy=0
ENET-LAB3 PASS: t=1788364840.379s peers=1/1 validated=2 beat=195 loss=629809201 foreign=870 self=309 reboots=375 legacy=0
ENET-LAB3 REBOOT: peer 0x88ba incarnation 1189e305 -> ef4f4a85 (seq restarts at 3367964; NOT a replay)
ENET-LAB3 REBOOT: peer 0x88ba incarnation 1189e305 -> ef4f4a85 (seq restarts at 3367964; NOT a replay)
ENET-LAB3 REBOOT: peer 0x88ba incarnation ef4f4a85 -> 1189e305 (seq restarts at 234; NOT a replay)
ENET-LAB3 PASS: t=1788364840.583s peers=1/1 validated=2 beat=538 loss=633177164 foreign=870 self=310 reboots=376 legacy=0
ENET-LAB3 REBOOT: peer 0x88ba incarnation ef4f4a85 -> 1189e305 (seq restarts at 234; NOT a replay)
ENET-LAB3 PASS: t=1788364840.583s peers=1/1 validated=2 beat=539 loss=633177397 foreign=870 self=310 reboots=377 legacy=0
ENET-LAB3 PASS: t=1788364840.784s peers=1/1 validated=2 beat=196 loss=633177397 foreign=870 self=311 reboots=377 legacy=0
ENET-LAB3 REBOOT: peer 0x88ba incarnation 1189e305 -> ef4f4a85 (seq restarts at 3367965; NOT a replay)
ENET-LAB3 REBOOT: peer 0x88ba incarnation 1189e305 -> ef4f4a85 (seq restarts at 3367965; NOT a replay)
ENET-LAB3 REBOOT: peer 0x88ba incarnation ef4f4a85 -> 1189e305 (seq restarts at 235; NOT a replay)
ENET-LAB3 PASS: t=1788364840.786s peers=1/1 validated=2 beat=540 loss=636545361 foreign=870 self=311 reboots=378 legacy=0
ENET-LAB3 REBOOT: peer 0x88ba incarnation ef4f4a85 -> 1189e305 (seq restarts at 235; NOT a replay)
ENET-LAB3 PASS: t=1788364840.787s peers=1/1 validated=2 beat=541 loss=636545595 foreign=870 self=311 reboots=379 legacy=0
ENET-LAB3 REBOOT: peer 0x88ba incarnation 1189e305 -> ef4f4a85 (seq restarts at 3367966; NOT a replay)
ENET-LAB3 REBOOT: peer 0x88ba incarnation 1189e305 -> ef4f4a85 (seq restarts at 3367966; NOT a replay)
ENET-LAB3 PASS: t=1788364840.991s peers=1/1 validated=2 beat=542 loss=639913560 foreign=871 self=311 reboots=380 legacy=0
ENET-LAB3 REBOOT: peer 0x88ba incarnation ef4f4a85 -> 1189e305 (seq restarts at 236; NOT a replay)
ENET-LAB3 REBOOT: peer 0x88ba incarnation ef4f4a85 -> 1189e305 (seq restarts at 236; NOT a replay)
ENET-LAB3 PASS: t=1788364840.991s peers=1/1 validated=2 beat=197 loss=639913795 foreign=871 self=312 reboots=381 legacy=0
ENET-LAB3 PASS: t=1788364840.992s peers=1/1 validated=2 beat=543 loss=639913795 foreign=871 self=311 reboots=381 legacy=0
ENET-LAB3 REBOOT: peer 0x88ba incarnation 1189e305 -> ef4f4a85 (seq restarts at 3367967; NOT a replay)
ENET-LAB3 REBOOT: peer 0x88ba incarnation 1189e305 -> ef4f4a85 (seq restarts at 3367967; NOT a replay)
ENET-LAB3 PASS: t=1788364841.197s peers=1/1 validated=2 beat=544 loss=643281761 foreign=872 self=312 reboots=382 legacy=0
ENET-LAB3 REBOOT: peer 0x88ba incarnation ef4f4a85 -> 1189e305 (seq restarts at 237; NOT a replay)
ENET-LAB3 REBOOT: peer 0x88ba incarnation ef4f4a85 -> 1189e305 (seq restarts at 237; NOT a replay)
ENET-LAB3 PASS: t=1788364841.198s peers=1/1 validated=2 beat=545 loss=643281997 foreign=872 self=312 reboots=383 legacy=0
ENET-LAB3 PASS: t=1788364841.199s peers=1/1 validated=2 beat=198 loss=643281997 foreign=872 self=313 reboots=383 legacy=0
ENET-LAB3 REBOOT: peer 0x88ba incarnation 1189e305 -> ef4f4a85 (seq restarts at 3367968; NOT a replay)
ENET-LAB3 REBOOT: peer 0x88ba incarnation 1189e305 -> ef4f4a85 (seq restarts at 3367968; NOT a replay)
ENET-LAB3 PASS: t=1788364841.405s peers=1/1 validated=2 beat=546 loss=646649964 foreign=873 self=313 reboots=384 legacy=0
ENET-LAB3 REBOOT: peer 0x88ba incarnation ef4f4a85 -> 1189e305 (seq restarts at 238; NOT a replay)
ENET-LAB3 REBOOT: peer 0x88ba incarnation ef4f4a85 -> 1189e305 (seq restarts at 238; NOT a replay)
ENET-LAB3 PASS: t=1788364841.406s peers=1/1 validated=2 beat=547 loss=646650201 foreign=873 self=313 reboots=385 legacy=0
ENET-LAB3 PASS: t=1788364841.406s peers=1/1 validated=2 beat=199 loss=646650201 foreign=873 self=314 reboots=385 legacy=0
ENET-LAB3 REBOOT: peer 0x88ba incarnation 1189e305 -> ef4f4a85 (seq restarts at 3367969; NOT a replay)
ENET-LAB3 REBOOT: peer 0x88ba incarnation 1189e305 -> ef4f4a85 (seq restarts at 3367969; NOT a replay)
ENET-LAB3 PASS: t=1788364841.610s peers=1/1 validated=2 beat=548 loss=650018169 foreign=873 self=315 reboots=386 legacy=0
ENET-LAB3 REBOOT: peer 0x88ba incarnation ef4f4a85 -> 1189e305 (seq restarts at 239; NOT a replay)
ENET-LAB3 REBOOT: peer 0x88ba incarnation ef4f4a85 -> 1189e305 (seq restarts at 239; NOT a replay)
ENET-LAB3 PASS: t=1788364841.610s peers=1/1 validated=2 beat=549 loss=650018407 foreign=873 self=315 reboots=387 legacy=0
ENET-LAB3 PASS: t=1788364841.642s peers=1/1 validated=2 beat=200 loss=650018407 foreign=873 self=315 reboots=387 legacy=0
ENET-LAB3 REBOOT: peer 0x88ba incarnation 1189e305 -> ef4f4a85 (seq restarts at 3367970; NOT a replay)
ENET-LAB3 REBOOT: peer 0x88ba incarnation 1189e305 -> ef4f4a85 (seq restarts at 3367970; NOT a replay)
ENET-LAB3 REBOOT: peer 0x88ba incarnation ef4f4a85 -> 1189e305 (seq restarts at 240; NOT a replay)
ENET-LAB3 PASS: t=1788364841.814s peers=1/1 validated=2 beat=550 loss=653386376 foreign=882 self=315 reboots=388 legacy=0
ENET-LAB3 REBOOT: peer 0x88ba incarnation ef4f4a85 -> 1189e305 (seq restarts at 240; NOT a replay)
ENET-LAB3 PASS: t=1788364841.815s peers=1/1 validated=2 beat=551 loss=653386615 foreign=882 self=315 reboots=389 legacy=0
ENET-LAB3 PASS: t=1788364842.017s peers=1/1 validated=2 beat=201 loss=653386615 foreign=882 self=317 reboots=389 legacy=0
ENET-LAB3 REBOOT: peer 0x88ba incarnation 1189e305 -> ef4f4a85 (seq restarts at 3367971; NOT a replay)
ENET-LAB3 REBOOT: peer 0x88ba incarnation 1189e305 -> ef4f4a85 (seq restarts at 3367971; NOT a replay)
ENET-LAB3 REBOOT: peer 0x88ba incarnation ef4f4a85 -> 1189e305 (seq restarts at 241; NOT a replay)
ENET-LAB3 PASS: t=1788364842.019s peers=1/1 validated=2 beat=552 loss=656754585 foreign=882 self=317 reboots=390 legacy=0
ENET-LAB3 REBOOT: peer 0x88ba incarnation ef4f4a85 -> 1189e305 (seq restarts at 241; NOT a replay)
ENET-LAB3 PASS: t=1788364842.019s peers=1/1 validated=2 beat=553 loss=656754825 foreign=882 self=317 reboots=391 legacy=0
ENET-LAB3 REBOOT: peer 0x88ba incarnation 1189e305 -> ef4f4a85 (seq restarts at 3367972; NOT a replay)
ENET-LAB3 REBOOT: peer 0x88ba incarnation 1189e305 -> ef4f4a85 (seq restarts at 3367972; NOT a replay)
ENET-LAB3 PASS: t=1788364842.222s peers=1/1 validated=2 beat=554 loss=660122796 foreign=883 self=317 reboots=392 legacy=0
ENET-LAB3 REBOOT: peer 0x88ba incarnation ef4f4a85 -> 1189e305 (seq restarts at 242; NOT a replay)
ENET-LAB3 REBOOT: peer 0x88ba incarnation ef4f4a85 -> 1189e305 (seq restarts at 242; NOT a replay)
ENET-LAB3 PASS: t=1788364842.223s peers=1/1 validated=2 beat=555 loss=660123037 foreign=883 self=317 reboots=393 legacy=0
ENET-LAB3 PASS: t=1788364842.223s peers=1/1 validated=2 beat=202 loss=660123037 foreign=883 self=318 reboots=393 legacy=0
ENET-LAB3 PASS: t=1788364842.429s peers=1/1 validated=2 beat=556 loss=660123037 foreign=884 self=318 reboots=393 legacy=0
ENET-LAB3 REBOOT: peer 0x88ba incarnation 1189e305 -> ef4f4a85 (seq restarts at 3367973; NOT a replay)
ENET-LAB3 REBOOT: peer 0x88ba incarnation 1189e305 -> ef4f4a85 (seq restarts at 3367973; NOT a replay)
ENET-LAB3 PASS: t=1788364842.430s peers=1/1 validated=2 beat=557 loss=663491009 foreign=884 self=318 reboots=394 legacy=0
ENET-LAB3 PASS: t=1788364842.430s peers=1/1 validated=2 beat=203 loss=663491009 foreign=884 self=319 reboots=394 legacy=0
ENET-LAB3 PASS: t=1788364842.635s peers=1/1 validated=2 beat=558 loss=663491009 foreign=885 self=319 reboots=394 legacy=0
ENET-LAB3 REBOOT: peer 0x88ba incarnation ef4f4a85 -> 1189e305 (seq restarts at 244; NOT a replay)
ENET-LAB3 REBOOT: peer 0x88ba incarnation ef4f4a85 -> 1189e305 (seq restarts at 244; NOT a replay)
ENET-LAB3 PASS: t=1788364842.636s peers=1/1 validated=2 beat=559 loss=663491252 foreign=885 self=319 reboots=395 legacy=0
ENET-LAB3 PASS: t=1788364842.636s peers=1/1 validated=2 beat=204 loss=663491252 foreign=885 self=320 reboots=395 legacy=0
ENET-LAB3 REBOOT: peer 0x88ba incarnation 1189e305 -> ef4f4a85 (seq restarts at 3367975; NOT a replay)
ENET-LAB3 REBOOT: peer 0x88ba incarnation 1189e305 -> ef4f4a85 (seq restarts at 3367975; NOT a replay)
ENET-LAB3 PASS: t=1788364842.842s peers=1/1 validated=2 beat=560 loss=666859226 foreign=894 self=320 reboots=396 legacy=0
ENET-LAB3 REBOOT: peer 0x88ba incarnation ef4f4a85 -> 1189e305 (seq restarts at 245; NOT a replay)
ENET-LAB3 REBOOT: peer 0x88ba incarnation ef4f4a85 -> 1189e305 (seq restarts at 245; NOT a replay)
ENET-LAB3 PASS: t=1788364842.843s peers=1/1 validated=2 beat=561 loss=666859470 foreign=894 self=320 reboots=397 legacy=0
ENET-LAB3 PASS: t=1788364842.843s peers=1/1 validated=2 beat=205 loss=666859470 foreign=894 self=321 reboots=397 legacy=0
ENET-LAB3 REBOOT: peer 0x88ba incarnation 1189e305 -> ef4f4a85 (seq restarts at 3367976; NOT a replay)
ENET-LAB3 REBOOT: peer 0x88ba incarnation 1189e305 -> ef4f4a85 (seq restarts at 3367976; NOT a replay)
ENET-LAB3 REBOOT: peer 0x88ba incarnation ef4f4a85 -> 1189e305 (seq restarts at 246; NOT a replay)
ENET-LAB3 PASS: t=1788364843.049s peers=1/1 validated=2 beat=562 loss=670227445 foreign=895 self=321 reboots=398 legacy=0
ENET-LAB3 REBOOT: peer 0x88ba incarnation ef4f4a85 -> 1189e305 (seq restarts at 246; NOT a replay)
ENET-LAB3 PASS: t=1788364843.050s peers=1/1 validated=2 beat=563 loss=670227690 foreign=895 self=321 reboots=399 legacy=0
ENET-LAB3 PASS: t=1788364843.050s peers=1/1 validated=2 beat=206 loss=670227690 foreign=895 self=322 reboots=399 legacy=0
ENET-LAB3 REBOOT: peer 0x88ba incarnation 1189e305 -> ef4f4a85 (seq restarts at 3367977; NOT a replay)
ENET-LAB3 REBOOT: peer 0x88ba incarnation 1189e305 -> ef4f4a85 (seq restarts at 3367977; NOT a replay)
ENET-LAB3 PASS: t=1788364843.256s peers=1/1 validated=2 beat=564 loss=673595666 foreign=897 self=322 reboots=400 legacy=0
ENET-LAB3 REBOOT: peer 0x88ba incarnation ef4f4a85 -> 1189e305 (seq restarts at 247; NOT a replay)
ENET-LAB3 REBOOT: peer 0x88ba incarnation ef4f4a85 -> 1189e305 (seq restarts at 247; NOT a replay)
ENET-LAB3 PASS: t=1788364843.257s peers=1/1 validated=2 beat=565 loss=673595912 foreign=897 self=322 reboots=401 legacy=0
ENET-LAB3 PASS: t=1788364843.257s peers=1/1 validated=2 beat=207 loss=673595912 foreign=897 self=323 reboots=401 legacy=0
ENET-LAB3 REBOOT: peer 0x88ba incarnation 1189e305 -> ef4f4a85 (seq restarts at 3367978; NOT a replay)
ENET-LAB3 REBOOT: peer 0x88ba incarnation 1189e305 -> ef4f4a85 (seq restarts at 3367978; NOT a replay)
ENET-LAB3 PASS: t=1788364843.466s peers=1/1 validated=2 beat=566 loss=676963889 foreign=899 self=323 reboots=402 legacy=0
ENET-LAB3 REBOOT: peer 0x88ba incarnation ef4f4a85 -> 1189e305 (seq restarts at 248; NOT a replay)
ENET-LAB3 REBOOT: peer 0x88ba incarnation ef4f4a85 -> 1189e305 (seq restarts at 248; NOT a replay)
ENET-LAB3 PASS: t=1788364843.467s peers=1/1 validated=2 beat=567 loss=676964136 foreign=899 self=323 reboots=403 legacy=0
ENET-LAB3 PASS: t=1788364843.467s peers=1/1 validated=2 beat=208 loss=676964136 foreign=899 self=324 reboots=403 legacy=0
ENET-LAB3 REBOOT: peer 0x88ba incarnation 1189e305 -> ef4f4a85 (seq restarts at 3367979; NOT a replay)
ENET-LAB3 REBOOT: peer 0x88ba incarnation 1189e305 -> ef4f4a85 (seq restarts at 3367979; NOT a replay)
ENET-LAB3 REBOOT: peer 0x88ba incarnation ef4f4a85 -> 1189e305 (seq restarts at 249; NOT a replay)
ENET-LAB3 PASS: t=1788364843.671s peers=1/1 validated=2 beat=568 loss=680332114 foreign=899 self=325 reboots=404 legacy=0
ENET-LAB3 REBOOT: peer 0x88ba incarnation ef4f4a85 -> 1189e305 (seq restarts at 249; NOT a replay)
ENET-LAB3 PASS: t=1788364843.672s peers=1/1 validated=2 beat=569 loss=680332362 foreign=899 self=325 reboots=405 legacy=0
ENET-LAB3 PASS: t=1788364843.872s peers=1/1 validated=2 beat=209 loss=680332362 foreign=899 self=325 reboots=405 legacy=0
ENET-LAB3 REBOOT: peer 0x88ba incarnation 1189e305 -> ef4f4a85 (seq restarts at 3367980; NOT a replay)
ENET-LAB3 REBOOT: peer 0x88ba incarnation 1189e305 -> ef4f4a85 (seq restarts at 3367980; NOT a replay)
ENET-LAB3 REBOOT: peer 0x88ba incarnation ef4f4a85 -> 1189e305 (seq restarts at 250; NOT a replay)
ENET-LAB3 PASS: t=1788364843.874s peers=1/1 validated=2 beat=570 loss=683700341 foreign=899 self=326 reboots=406 legacy=0
ENET-LAB3 REBOOT: peer 0x88ba incarnation ef4f4a85 -> 1189e305 (seq restarts at 250; NOT a replay)
ENET-LAB3 PASS: t=1788364843.875s peers=1/1 validated=2 beat=571 loss=683700590 foreign=899 self=326 reboots=407 legacy=0
ENET-LAB3 PASS: t=1788364844.076s peers=1/1 validated=2 beat=210 loss=683700590 foreign=899 self=327 reboots=407 legacy=0
ENET-LAB3 REBOOT: peer 0x88ba incarnation 1189e305 -> ef4f4a85 (seq restarts at 3367981; NOT a replay)
ENET-LAB3 REBOOT: peer 0x88ba incarnation 1189e305 -> ef4f4a85 (seq restarts at 3367981; NOT a replay)
ENET-LAB3 REBOOT: peer 0x88ba incarnation ef4f4a85 -> 1189e305 (seq restarts at 251; NOT a replay)
ENET-LAB3 PASS: t=1788364844.078s peers=1/1 validated=2 beat=572 loss=687068570 foreign=899 self=327 reboots=408 legacy=0
ENET-LAB3 REBOOT: peer 0x88ba incarnation ef4f4a85 -> 1189e305 (seq restarts at 251; NOT a replay)
ENET-LAB3 PASS: t=1788364844.079s peers=1/1 validated=2 beat=573 loss=687068820 foreign=899 self=327 reboots=409 legacy=0
ENET-LAB3 REBOOT: peer 0x88ba incarnation 1189e305 -> ef4f4a85 (seq restarts at 3367982; NOT a replay)
ENET-LAB3 REBOOT: peer 0x88ba incarnation 1189e305 -> ef4f4a85 (seq restarts at 3367982; NOT a replay)
ENET-LAB3 REBOOT: peer 0x88ba incarnation ef4f4a85 -> 1189e305 (seq restarts at 252; NOT a replay)
ENET-LAB3 PASS: t=1788364844.282s peers=1/1 validated=2 beat=574 loss=690436801 foreign=900 self=327 reboots=410 legacy=0
ENET-LAB3 REBOOT: peer 0x88ba incarnation ef4f4a85 -> 1189e305 (seq restarts at 252; NOT a replay)
ENET-LAB3 PASS: t=1788364844.283s peers=1/1 validated=2 beat=211 loss=690437052 foreign=900 self=328 reboots=411 legacy=0
ENET-LAB3 PASS: t=1788364844.283s peers=1/1 validated=2 beat=575 loss=690437052 foreign=900 self=327 reboots=411 legacy=0
ENET-LAB3 REBOOT: peer 0x88ba incarnation 1189e305 -> ef4f4a85 (seq restarts at 3367983; NOT a replay)
ENET-LAB3 REBOOT: peer 0x88ba incarnation 1189e305 -> ef4f4a85 (seq restarts at 3367983; NOT a replay)
ENET-LAB3 REBOOT: peer 0x88ba incarnation ef4f4a85 -> 1189e305 (seq restarts at 253; NOT a replay)
ENET-LAB3 PASS: t=1788364844.489s peers=1/1 validated=2 beat=576 loss=693805034 foreign=903 self=328 reboots=412 legacy=0
ENET-LAB3 REBOOT: peer 0x88ba incarnation ef4f4a85 -> 1189e305 (seq restarts at 253; NOT a replay)
ENET-LAB3 PASS: t=1788364844.490s peers=1/1 validated=2 beat=212 loss=693805286 foreign=903 self=329 reboots=413 legacy=0
ENET-LAB3 PASS: t=1788364844.490s peers=1/1 validated=2 beat=577 loss=693805286 foreign=903 self=328 reboots=413 legacy=0
ENET-LAB3 REBOOT: peer 0x88ba incarnation 1189e305 -> ef4f4a85 (seq restarts at 3367984; NOT a replay)
ENET-LAB3 REBOOT: peer 0x88ba incarnation 1189e305 -> ef4f4a85 (seq restarts at 3367984; NOT a replay)
ENET-LAB3 REBOOT: peer 0x88ba incarnation ef4f4a85 -> 1189e305 (seq restarts at 254; NOT a replay)
ENET-LAB3 PASS: t=1788364844.694s peers=1/1 validated=2 beat=578 loss=697173269 foreign=903 self=330 reboots=414 legacy=0
ENET-LAB3 REBOOT: peer 0x88ba incarnation ef4f4a85 -> 1189e305 (seq restarts at 254; NOT a replay)
ENET-LAB3 PASS: t=1788364844.694s peers=1/1 validated=2 beat=579 loss=697173522 foreign=903 self=330 reboots=415 legacy=0
ENET-LAB3 PASS: t=1788364844.895s peers=1/1 validated=2 beat=213 loss=697173522 foreign=903 self=331 reboots=415 legacy=0
ENET-LAB3 REBOOT: peer 0x88ba incarnation 1189e305 -> ef4f4a85 (seq restarts at 3367985; NOT a replay)
ENET-LAB3 REBOOT: peer 0x88ba incarnation 1189e305 -> ef4f4a85 (seq restarts at 3367985; NOT a replay)
ENET-LAB3 PASS: t=1788364844.897s peers=1/1 validated=2 beat=580 loss=700541506 foreign=903 self=331 reboots=416 legacy=0
ENET-LAB3 REBOOT: peer 0x88ba incarnation ef4f4a85 -> 1189e305 (seq restarts at 255; NOT a replay)
ENET-LAB3 REBOOT: peer 0x88ba incarnation ef4f4a85 -> 1189e305 (seq restarts at 255; NOT a replay)
ENET-LAB3 PASS: t=1788364844.898s peers=1/1 validated=2 beat=581 loss=700541760 foreign=903 self=331 reboots=417 legacy=0
ENET-LAB3 PASS: t=1788364845.099s peers=1/1 validated=2 beat=214 loss=700541760 foreign=903 self=332 reboots=417 legacy=0
ENET-LAB3 REBOOT: peer 0x88ba incarnation 1189e305 -> ef4f4a85 (seq restarts at 3367986; NOT a replay)
ENET-LAB3 REBOOT: peer 0x88ba incarnation 1189e305 -> ef4f4a85 (seq restarts at 3367986; NOT a replay)
ENET-LAB3 REBOOT: peer 0x88ba incarnation ef4f4a85 -> 1189e305 (seq restarts at 256; NOT a replay)
ENET-LAB3 PASS: t=1788364845.101s peers=1/1 validated=2 beat=582 loss=703909745 foreign=903 self=332 reboots=418 legacy=0
ENET-LAB3 REBOOT: peer 0x88ba incarnation ef4f4a85 -> 1189e305 (seq restarts at 256; NOT a replay)
ENET-LAB3 PASS: t=1788364845.102s peers=1/1 validated=2 beat=583 loss=703910000 foreign=903 self=332 reboots=419 legacy=0
ENET-LAB3 REBOOT: peer 0x88ba incarnation 1189e305 -> ef4f4a85 (seq restarts at 3367987; NOT a replay)
ENET-LAB3 REBOOT: peer 0x88ba incarnation 1189e305 -> ef4f4a85 (seq restarts at 3367987; NOT a replay)
ENET-LAB3 PASS: t=1788364845.305s peers=1/1 validated=2 beat=584 loss=707277986 foreign=907 self=332 reboots=420 legacy=0
ENET-LAB3 REBOOT: peer 0x88ba incarnation ef4f4a85 -> 1189e305 (seq restarts at 257; NOT a replay)
ENET-LAB3 REBOOT: peer 0x88ba incarnation ef4f4a85 -> 1189e305 (seq restarts at 257; NOT a replay)
ENET-LAB3 PASS: t=1788364845.306s peers=1/1 validated=2 beat=585 loss=707278242 foreign=907 self=332 reboots=421 legacy=0
ENET-LAB3 PASS: t=1788364845.306s peers=1/1 validated=2 beat=215 loss=707278242 foreign=907 self=333 reboots=421 legacy=0
ENET-LAB3 REBOOT: peer 0x88ba incarnation 1189e305 -> ef4f4a85 (seq restarts at 3367988; NOT a replay)
ENET-LAB3 REBOOT: peer 0x88ba incarnation 1189e305 -> ef4f4a85 (seq restarts at 3367988; NOT a replay)
ENET-LAB3 PASS: t=1788364845.512s peers=1/1 validated=2 beat=586 loss=710646229 foreign=909 self=333 reboots=422 legacy=0
ENET-LAB3 REBOOT: peer 0x88ba incarnation ef4f4a85 -> 1189e305 (seq restarts at 258; NOT a replay)
ENET-LAB3 REBOOT: peer 0x88ba incarnation ef4f4a85 -> 1189e305 (seq restarts at 258; NOT a replay)
ENET-LAB3 PASS: t=1788364845.513s peers=1/1 validated=2 beat=587 loss=710646486 foreign=909 self=333 reboots=423 legacy=0
ENET-LAB3 PASS: t=1788364845.513s peers=1/1 validated=2 beat=216 loss=710646486 foreign=909 self=334 reboots=423 legacy=0
ENET-LAB3 REBOOT: peer 0x88ba incarnation 1189e305 -> ef4f4a85 (seq restarts at 3367989; NOT a replay)
ENET-LAB3 REBOOT: peer 0x88ba incarnation 1189e305 -> ef4f4a85 (seq restarts at 3367989; NOT a replay)
ENET-LAB3 REBOOT: peer 0x88ba incarnation ef4f4a85 -> 1189e305 (seq restarts at 259; NOT a replay)
ENET-LAB3 PASS: t=1788364845.720s peers=1/1 validated=2 beat=217 loss=714014732 foreign=911 self=334 reboots=425 legacy=0
ENET-LAB3 PASS: t=1788364845.720s peers=1/1 validated=2 beat=588 loss=714014474 foreign=911 self=334 reboots=424 legacy=0
ENET-LAB3 REBOOT: peer 0x88ba incarnation ef4f4a85 -> 1189e305 (seq restarts at 259; NOT a replay)
ENET-LAB3 PASS: t=1788364845.721s peers=1/1 validated=2 beat=589 loss=714014732 foreign=911 self=334 reboots=425 legacy=0
ENET-LAB3 REBOOT: peer 0x88ba incarnation 1189e305 -> ef4f4a85 (seq restarts at 3367990; NOT a replay)
ENET-LAB3 REBOOT: peer 0x88ba incarnation 1189e305 -> ef4f4a85 (seq restarts at 3367990; NOT a replay)
ENET-LAB3 REBOOT: peer 0x88ba incarnation ef4f4a85 -> 1189e305 (seq restarts at 260; NOT a replay)
ENET-LAB3 PASS: t=1788364845.928s peers=1/1 validated=2 beat=590 loss=717382721 foreign=913 self=335 reboots=426 legacy=0
ENET-LAB3 PASS: t=1788364845.928s peers=1/1 validated=2 beat=218 loss=717382980 foreign=913 self=335 reboots=427 legacy=0
ENET-LAB3 REBOOT: peer 0x88ba incarnation ef4f4a85 -> 1189e305 (seq restarts at 260; NOT a replay)
ENET-LAB3 PASS: t=1788364845.929s peers=1/1 validated=2 beat=591 loss=717382980 foreign=913 self=335 reboots=427 legacy=0
ENET-LAB3 REBOOT: peer 0x88ba incarnation 1189e305 -> ef4f4a85 (seq restarts at 3367991; NOT a replay)
ENET-LAB3 REBOOT: peer 0x88ba incarnation 1189e305 -> ef4f4a85 (seq restarts at 3367991; NOT a replay)
ENET-LAB3 PASS: t=1788364846.133s peers=1/1 validated=2 beat=592 loss=720750970 foreign=913 self=337 reboots=428 legacy=0
ENET-LAB3 REBOOT: peer 0x88ba incarnation ef4f4a85 -> 1189e305 (seq restarts at 261; NOT a replay)
ENET-LAB3 REBOOT: peer 0x88ba incarnation ef4f4a85 -> 1189e305 (seq restarts at 261; NOT a replay)
ENET-LAB3 PASS: t=1788364846.133s peers=1/1 validated=2 beat=593 loss=720751230 foreign=913 self=337 reboots=429 legacy=0
ENET-LAB3 PASS: t=1788364846.194s peers=1/1 validated=2 beat=219 loss=720751230 foreign=914 self=337 reboots=429 legacy=0
ENET-LAB3 REBOOT: peer 0x88ba incarnation 1189e305 -> ef4f4a85 (seq restarts at 3367992; NOT a replay)
ENET-LAB3 REBOOT: peer 0x88ba incarnation 1189e305 -> ef4f4a85 (seq restarts at 3367992; NOT a replay)
ENET-LAB3 REBOOT: peer 0x88ba incarnation ef4f4a85 -> 1189e305 (seq restarts at 262; NOT a replay)
ENET-LAB3 PASS: t=1788364846.337s peers=1/1 validated=2 beat=594 loss=724119221 foreign=915 self=337 reboots=430 legacy=0
ENET-LAB3 REBOOT: peer 0x88ba incarnation ef4f4a85 -> 1189e305 (seq restarts at 262; NOT a replay)
ENET-LAB3 PASS: t=1788364846.337s peers=1/1 validated=2 beat=595 loss=724119482 foreign=915 self=337 reboots=431 legacy=0
ENET-LAB3 PASS: t=1788364846.406s peers=1/1 validated=2 beat=220 loss=724119482 foreign=916 self=338 reboots=431 legacy=0
ENET-LAB3 REBOOT: peer 0x88ba incarnation 1189e305 -> ef4f4a85 (seq restarts at 3367993; NOT a replay)
ENET-LAB3 REBOOT: peer 0x88ba incarnation 1189e305 -> ef4f4a85 (seq restarts at 3367993; NOT a replay)
ENET-LAB3 REBOOT: peer 0x88ba incarnation ef4f4a85 -> 1189e305 (seq restarts at 263; NOT a replay)
ENET-LAB3 PASS: t=1788364846.566s peers=1/1 validated=2 beat=596 loss=727487474 foreign=917 self=338 reboots=432 legacy=0
ENET-LAB3 REBOOT: peer 0x88ba incarnation ef4f4a85 -> 1189e305 (seq restarts at 263; NOT a replay)
ENET-LAB3 PASS: t=1788364846.567s peers=1/1 validated=2 beat=597 loss=727487736 foreign=917 self=338 reboots=433 legacy=0
ENET-LAB3 PASS: t=1788364846.768s peers=1/1 validated=2 beat=221 loss=727487736 foreign=917 self=340 reboots=433 legacy=0
ENET-LAB3 REBOOT: peer 0x88ba incarnation 1189e305 -> ef4f4a85 (seq restarts at 3367994; NOT a replay)
ENET-LAB3 REBOOT: peer 0x88ba incarnation 1189e305 -> ef4f4a85 (seq restarts at 3367994; NOT a replay)
ENET-LAB3 REBOOT: peer 0x88ba incarnation ef4f4a85 -> 1189e305 (seq restarts at 264; NOT a replay)
ENET-LAB3 PASS: t=1788364846.771s peers=1/1 validated=2 beat=598 loss=730855729 foreign=917 self=340 reboots=434 legacy=0
ENET-LAB3 REBOOT: peer 0x88ba incarnation ef4f4a85 -> 1189e305 (seq restarts at 264; NOT a replay)
ENET-LAB3 PASS: t=1788364846.771s peers=1/1 validated=2 beat=599 loss=730855992 foreign=917 self=340 reboots=435 legacy=0
ENET-LAB3 REBOOT: peer 0x88ba incarnation 1189e305 -> ef4f4a85 (seq restarts at 3367995; NOT a replay)
ENET-LAB3 REBOOT: peer 0x88ba incarnation 1189e305 -> ef4f4a85 (seq restarts at 3367995; NOT a replay)
ENET-LAB3 PASS: t=1788364846.975s peers=1/1 validated=2 beat=600 loss=734223986 foreign=920 self=340 reboots=436 legacy=0
ENET-LAB3 REBOOT: peer 0x88ba incarnation ef4f4a85 -> 1189e305 (seq restarts at 265; NOT a replay)
ENET-LAB3 REBOOT: peer 0x88ba incarnation ef4f4a85 -> 1189e305 (seq restarts at 265; NOT a replay)
ENET-LAB3 PASS: t=1788364846.976s peers=1/1 validated=2 beat=222 loss=734224250 foreign=920 self=341 reboots=437 legacy=0
ENET-LAB3 PASS: t=1788364846.976s peers=1/1 validated=2 beat=601 loss=734224250 foreign=920 self=340 reboots=437 legacy=0
ENET-LAB3 REBOOT: peer 0x88ba incarnation 1189e305 -> ef4f4a85 (seq restarts at 3367996; NOT a replay)
ENET-LAB3 REBOOT: peer 0x88ba incarnation ef4f4a85 -> 1189e305 (seq restarts at 266; NOT a replay)
ENET-LAB3 REBOOT: peer 0x88ba incarnation 1189e305 -> ef4f4a85 (seq restarts at 3367996; NOT a replay)
ENET-LAB3 PASS: t=1788364847.180s peers=1/1 validated=2 beat=602 loss=737592245 foreign=920 self=342 reboots=438 legacy=0
ENET-LAB3 REBOOT: peer 0x88ba incarnation ef4f4a85 -> 1189e305 (seq restarts at 266; NOT a replay)
ENET-LAB3 PASS: t=1788364847.181s peers=1/1 validated=2 beat=603 loss=737592510 foreign=920 self=342 reboots=439 legacy=0
ENET-LAB3 PASS: t=1788364847.287s peers=1/1 validated=2 beat=223 loss=737592510 foreign=921 self=342 reboots=439 legacy=0
ENET-LAB3 PASS: t=1788364847.515s peers=1/1 validated=2 beat=224 loss=737592510 foreign=924 self=343 reboots=439 legacy=0
ENET-LAB3 REBOOT: peer 0x88ba incarnation 1189e305 -> ef4f4a85 (seq restarts at 3367997; NOT a replay)
ENET-LAB3 REBOOT: peer 0x88ba incarnation 1189e305 -> ef4f4a85 (seq restarts at 3367997; NOT a replay)
ENET-LAB3 PASS: t=1788364847.586s peers=1/1 validated=2 beat=604 loss=740960506 foreign=924 self=343 reboots=440 legacy=0
ENET-LAB3 REBOOT: peer 0x88ba incarnation ef4f4a85 -> 1189e305 (seq restarts at 267; NOT a replay)
ENET-LAB3 PASS: t=1788364847.587s peers=1/1 validated=2 beat=605 loss=740960772 foreign=924 self=343 reboots=441 legacy=0
ENET-LAB3 REBOOT: peer 0x88ba incarnation ef4f4a85 -> 1189e305 (seq restarts at 267; NOT a replay)
ENET-LAB3 REBOOT: peer 0x88ba incarnation 1189e305 -> ef4f4a85 (seq restarts at 3367998; NOT a replay)
ENET-LAB3 REBOOT: peer 0x88ba incarnation 1189e305 -> ef4f4a85 (seq restarts at 3367998; NOT a replay)
ENET-LAB3 PASS: t=1788364847.793s peers=1/1 validated=2 beat=606 loss=744328769 foreign=925 self=344 reboots=442 legacy=0
ENET-LAB3 REBOOT: peer 0x88ba incarnation ef4f4a85 -> 1189e305 (seq restarts at 268; NOT a replay)
ENET-LAB3 PASS: t=1788364847.794s peers=1/1 validated=2 beat=607 loss=744329036 foreign=925 self=344 reboots=443 legacy=0
ENET-LAB3 REBOOT: peer 0x88ba incarnation ef4f4a85 -> 1189e305 (seq restarts at 268; NOT a replay)
ENET-LAB3 PASS: t=1788364847.795s peers=1/1 validated=2 beat=225 loss=744329036 foreign=925 self=345 reboots=443 legacy=0
ENET-LAB3 REBOOT: peer 0x88ba incarnation 1189e305 -> ef4f4a85 (seq restarts at 3367999; NOT a replay)
ENET-LAB3 REBOOT: peer 0x88ba incarnation 1189e305 -> ef4f4a85 (seq restarts at 3367999; NOT a replay)
ENET-LAB3 PASS: t=1788364848.001s peers=1/1 validated=2 beat=608 loss=747697034 foreign=927 self=345 reboots=444 legacy=0
ENET-LAB3 REBOOT: peer 0x88ba incarnation ef4f4a85 -> 1189e305 (seq restarts at 269; NOT a replay)
ENET-LAB3 PASS: t=1788364848.002s peers=1/1 validated=2 beat=609 loss=747697302 foreign=927 self=345 reboots=445 legacy=0
ENET-LAB3 REBOOT: peer 0x88ba incarnation ef4f4a85 -> 1189e305 (seq restarts at 269; NOT a replay)
ENET-LAB3 PASS: t=1788364848.003s peers=1/1 validated=2 beat=226 loss=747697302 foreign=927 self=346 reboots=445 legacy=0
ENET-LAB3 REBOOT: peer 0x88ba incarnation 1189e305 -> ef4f4a85 (seq restarts at 3368000; NOT a replay)
ENET-LAB3 REBOOT: peer 0x88ba incarnation 1189e305 -> ef4f4a85 (seq restarts at 3368000; NOT a replay)
ENET-LAB3 REBOOT: peer 0x88ba incarnation ef4f4a85 -> 1189e305 (seq restarts at 270; NOT a replay)
ENET-LAB3 PASS: t=1788364848.206s peers=1/1 validated=2 beat=610 loss=751065301 foreign=927 self=347 reboots=446 legacy=0
ENET-LAB3 REBOOT: peer 0x88ba incarnation ef4f4a85 -> 1189e305 (seq restarts at 270; NOT a replay)
ENET-LAB3 PASS: t=1788364848.206s peers=1/1 validated=2 beat=611 loss=751065570 foreign=927 self=347 reboots=447 legacy=0
ENET-LAB3 PASS: t=1788364848.294s peers=1/1 validated=2 beat=227 loss=751065570 foreign=928 self=347 reboots=447 legacy=0
ENET-LAB3 REBOOT: peer 0x88ba incarnation 1189e305 -> ef4f4a85 (seq restarts at 3368001; NOT a replay)
ENET-LAB3 REBOOT: peer 0x88ba incarnation 1189e305 -> ef4f4a85 (seq restarts at 3368001; NOT a replay)
ENET-LAB3 PASS: t=1788364848.410s peers=1/1 validated=2 beat=612 loss=754433570 foreign=929 self=347 reboots=448 legacy=0
ENET-LAB3 REBOOT: peer 0x88ba incarnation ef4f4a85 -> 1189e305 (seq restarts at 271; NOT a replay)
ENET-LAB3 PASS: t=1788364848.410s peers=1/1 validated=2 beat=613 loss=754433840 foreign=929 self=347 reboots=449 legacy=0
ENET-LAB3 REBOOT: peer 0x88ba incarnation ef4f4a85 -> 1189e305 (seq restarts at 271; NOT a replay)
ENET-LAB3 PASS: t=1788364848.518s peers=1/1 validated=2 beat=228 loss=754433840 foreign=929 self=348 reboots=449 legacy=0
ENET-LAB3 REBOOT: peer 0x88ba incarnation 1189e305 -> ef4f4a85 (seq restarts at 3368002; NOT a replay)
ENET-LAB3 REBOOT: peer 0x88ba incarnation 1189e305 -> ef4f4a85 (seq restarts at 3368002; NOT a replay)
ENET-LAB3 PASS: t=1788364848.617s peers=1/1 validated=2 beat=614 loss=757801841 foreign=929 self=348 reboots=450 legacy=0
ENET-LAB3 REBOOT: peer 0x88ba incarnation ef4f4a85 -> 1189e305 (seq restarts at 272; NOT a replay)
ENET-LAB3 PASS: t=1788364848.617s peers=1/1 validated=2 beat=615 loss=757802112 foreign=929 self=348 reboots=451 legacy=0
ENET-LAB3 REBOOT: peer 0x88ba incarnation ef4f4a85 -> 1189e305 (seq restarts at 272; NOT a replay)
ENET-LAB3 REBOOT: peer 0x88ba incarnation 1189e305 -> ef4f4a85 (seq restarts at 3368003; NOT a replay)
ENET-LAB3 REBOOT: peer 0x88ba incarnation 1189e305 -> ef4f4a85 (seq restarts at 3368003; NOT a replay)
ENET-LAB3 PASS: t=1788364848.823s peers=1/1 validated=2 beat=616 loss=761170114 foreign=930 self=349 reboots=452 legacy=0
ENET-LAB3 REBOOT: peer 0x88ba incarnation ef4f4a85 -> 1189e305 (seq restarts at 273; NOT a replay)
ENET-LAB3 PASS: t=1788364848.824s peers=1/1 validated=2 beat=617 loss=761170386 foreign=930 self=349 reboots=453 legacy=0
ENET-LAB3 REBOOT: peer 0x88ba incarnation ef4f4a85 -> 1189e305 (seq restarts at 273; NOT a replay)
ENET-LAB3 PASS: t=1788364848.824s peers=1/1 validated=2 beat=229 loss=761170386 foreign=930 self=350 reboots=453 legacy=0
ENET-LAB3 REBOOT: peer 0x88ba incarnation 1189e305 -> ef4f4a85 (seq restarts at 3368004; NOT a replay)
ENET-LAB3 PASS: t=1788364849.028s peers=1/1 validated=2 beat=618 loss=761170386 foreign=930 self=351 reboots=453 legacy=0
ENET-LAB3 REBOOT: peer 0x88ba incarnation 1189e305 -> ef4f4a85 (seq restarts at 3368004; NOT a replay)
ENET-LAB3 PASS: t=1788364849.028s peers=1/1 validated=2 beat=619 loss=764538389 foreign=930 self=351 reboots=454 legacy=0
ENET-LAB3 PASS: t=1788364849.230s peers=1/1 validated=2 beat=230 loss=764538389 foreign=930 self=352 reboots=454 legacy=0
ENET-LAB3 REBOOT: peer 0x88ba incarnation ef4f4a85 -> 1189e305 (seq restarts at 275; NOT a replay)
ENET-LAB3 PASS: t=1788364849.232s peers=1/1 validated=2 beat=620 loss=764538389 foreign=930 self=352 reboots=454 legacy=0
ENET-LAB3 REBOOT: peer 0x88ba incarnation ef4f4a85 -> 1189e305 (seq restarts at 275; NOT a replay)
ENET-LAB3 PASS: t=1788364849.232s peers=1/1 validated=2 beat=621 loss=764538663 foreign=930 self=352 reboots=455 legacy=0
ENET-LAB3 REBOOT: peer 0x88ba incarnation 1189e305 -> ef4f4a85 (seq restarts at 3368006; NOT a replay)
ENET-LAB3 REBOOT: peer 0x88ba incarnation 1189e305 -> ef4f4a85 (seq restarts at 3368006; NOT a replay)
ENET-LAB3 PASS: t=1788364849.436s peers=1/1 validated=2 beat=622 loss=767906668 foreign=932 self=352 reboots=456 legacy=0
ENET-LAB3 REBOOT: peer 0x88ba incarnation ef4f4a85 -> 1189e305 (seq restarts at 276; NOT a replay)
ENET-LAB3 PASS: t=1788364849.437s peers=1/1 validated=2 beat=623 loss=767906943 foreign=932 self=352 reboots=457 legacy=0
ENET-LAB3 REBOOT: peer 0x88ba incarnation ef4f4a85 -> 1189e305 (seq restarts at 276; NOT a replay)
ENET-LAB3 PASS: t=1788364849.438s peers=1/1 validated=2 beat=231 loss=767906943 foreign=932 self=353 reboots=457 legacy=0
ENET-LAB3 REBOOT: peer 0x88ba incarnation 1189e305 -> ef4f4a85 (seq restarts at 3368007; NOT a replay)
ENET-LAB3 REBOOT: peer 0x88ba incarnation 1189e305 -> ef4f4a85 (seq restarts at 3368007; NOT a replay)
ENET-LAB3 PASS: t=1788364849.643s peers=1/1 validated=2 beat=624 loss=771274949 foreign=933 self=353 reboots=458 legacy=0
ENET-LAB3 REBOOT: peer 0x88ba incarnation ef4f4a85 -> 1189e305 (seq restarts at 277; NOT a replay)
ENET-LAB3 PASS: t=1788364849.644s peers=1/1 validated=2 beat=625 loss=771275225 foreign=933 self=353 reboots=459 legacy=0
ENET-LAB3 REBOOT: peer 0x88ba incarnation ef4f4a85 -> 1189e305 (seq restarts at 277; NOT a replay)
ENET-LAB3 PASS: t=1788364849.645s peers=1/1 validated=2 beat=232 loss=771275225 foreign=933 self=354 reboots=459 legacy=0
ENET-LAB3 REBOOT: peer 0x88ba incarnation 1189e305 -> ef4f4a85 (seq restarts at 3368008; NOT a replay)
ENET-LAB3 REBOOT: peer 0x88ba incarnation 1189e305 -> ef4f4a85 (seq restarts at 3368008; NOT a replay)
ENET-LAB3 REBOOT: peer 0x88ba incarnation ef4f4a85 -> 1189e305 (seq restarts at 278; NOT a replay)
ENET-LAB3 PASS: t=1788364849.848s peers=1/1 validated=2 beat=626 loss=774643232 foreign=933 self=355 reboots=460 legacy=0
ENET-LAB3 REBOOT: peer 0x88ba incarnation ef4f4a85 -> 1189e305 (seq restarts at 278; NOT a replay)
ENET-LAB3 PASS: t=1788364849.848s peers=1/1 validated=2 beat=627 loss=774643509 foreign=933 self=355 reboots=461 legacy=0
ENET-LAB3 PASS: t=1788364849.955s peers=1/1 validated=2 beat=233 loss=774643509 foreign=934 self=355 reboots=461 legacy=0
ENET-LAB3 REBOOT: peer 0x88ba incarnation 1189e305 -> ef4f4a85 (seq restarts at 3368009; NOT a replay)
ENET-LAB3 REBOOT: peer 0x88ba incarnation 1189e305 -> ef4f4a85 (seq restarts at 3368009; NOT a replay)
ENET-LAB3 PASS: t=1788364850.052s peers=1/1 validated=2 beat=628 loss=778011517 foreign=934 self=355 reboots=462 legacy=0
ENET-LAB3 REBOOT: peer 0x88ba incarnation ef4f4a85 -> 1189e305 (seq restarts at 279; NOT a replay)
ENET-LAB3 PASS: t=1788364850.053s peers=1/1 validated=2 beat=629 loss=778011795 foreign=934 self=355 reboots=463 legacy=0
ENET-LAB3 REBOOT: peer 0x88ba incarnation ef4f4a85 -> 1189e305 (seq restarts at 279; NOT a replay)
ENET-LAB3 PASS: t=1788364850.247s peers=1/1 validated=2 beat=234 loss=778011795 foreign=935 self=356 reboots=463 legacy=0
ENET-LAB3 REBOOT: peer 0x88ba incarnation 1189e305 -> ef4f4a85 (seq restarts at 3368010; NOT a replay)
ENET-LAB3 REBOOT: peer 0x88ba incarnation 1189e305 -> ef4f4a85 (seq restarts at 3368010; NOT a replay)
ENET-LAB3 PASS: t=1788364850.259s peers=1/1 validated=2 beat=630 loss=781379804 foreign=935 self=356 reboots=464 legacy=0
ENET-LAB3 REBOOT: peer 0x88ba incarnation ef4f4a85 -> 1189e305 (seq restarts at 280; NOT a replay)
ENET-LAB3 PASS: t=1788364850.259s peers=1/1 validated=2 beat=631 loss=781380083 foreign=935 self=356 reboots=465 legacy=0
ENET-LAB3 REBOOT: peer 0x88ba incarnation ef4f4a85 -> 1189e305 (seq restarts at 280; NOT a replay)
ENET-LAB3 REBOOT: peer 0x88ba incarnation 1189e305 -> ef4f4a85 (seq restarts at 3368011; NOT a replay)
ENET-LAB3 PASS: t=1788364850.465s peers=1/1 validated=2 beat=632 loss=784748093 foreign=936 self=357 reboots=466 legacy=0
ENET-LAB3 REBOOT: peer 0x88ba incarnation 1189e305 -> ef4f4a85 (seq restarts at 3368011; NOT a replay)
ENET-LAB3 REBOOT: peer 0x88ba incarnation ef4f4a85 -> 1189e305 (seq restarts at 281; NOT a replay)
ENET-LAB3 PASS: t=1788364850.466s peers=1/1 validated=2 beat=633 loss=784748373 foreign=936 self=357 reboots=467 legacy=0
ENET-LAB3 REBOOT: peer 0x88ba incarnation ef4f4a85 -> 1189e305 (seq restarts at 281; NOT a replay)
ENET-LAB3 PASS: t=1788364850.467s peers=1/1 validated=2 beat=235 loss=784748373 foreign=936 self=358 reboots=467 legacy=0
ENET-LAB3 REBOOT: peer 0x88ba incarnation 1189e305 -> ef4f4a85 (seq restarts at 3368012; NOT a replay)
ENET-LAB3 REBOOT: peer 0x88ba incarnation 1189e305 -> ef4f4a85 (seq restarts at 3368012; NOT a replay)
ENET-LAB3 PASS: t=1788364850.670s peers=1/1 validated=2 beat=634 loss=788116384 foreign=936 self=359 reboots=468 legacy=0
ENET-LAB3 REBOOT: peer 0x88ba incarnation ef4f4a85 -> 1189e305 (seq restarts at 282; NOT a replay)
ENET-LAB3 REBOOT: peer 0x88ba incarnation ef4f4a85 -> 1189e305 (seq restarts at 282; NOT a replay)
ENET-LAB3 PASS: t=1788364850.670s peers=1/1 validated=2 beat=635 loss=788116665 foreign=936 self=359 reboots=469 legacy=0
ENET-LAB3 PASS: t=1788364850.872s peers=1/1 validated=2 beat=236 loss=788116665 foreign=936 self=360 reboots=469 legacy=0
ENET-LAB3 REBOOT: peer 0x88ba incarnation 1189e305 -> ef4f4a85 (seq restarts at 3368013; NOT a replay)
ENET-LAB3 REBOOT: peer 0x88ba incarnation 1189e305 -> ef4f4a85 (seq restarts at 3368013; NOT a replay)
ENET-LAB3 PASS: t=1788364850.874s peers=1/1 validated=2 beat=636 loss=791484677 foreign=936 self=360 reboots=470 legacy=0
ENET-LAB3 REBOOT: peer 0x88ba incarnation ef4f4a85 -> 1189e305 (seq restarts at 283; NOT a replay)
ENET-LAB3 REBOOT: peer 0x88ba incarnation ef4f4a85 -> 1189e305 (seq restarts at 283; NOT a replay)
ENET-LAB3 PASS: t=1788364850.874s peers=1/1 validated=2 beat=637 loss=791484959 foreign=936 self=360 reboots=471 legacy=0
ENET-LAB3 REBOOT: peer 0x88ba incarnation 1189e305 -> ef4f4a85 (seq restarts at 3368014; NOT a replay)
ENET-LAB3 REBOOT: peer 0x88ba incarnation 1189e305 -> ef4f4a85 (seq restarts at 3368014; NOT a replay)
ENET-LAB3 PASS: t=1788364851.078s peers=1/1 validated=2 beat=638 loss=794852972 foreign=937 self=360 reboots=472 legacy=0
ENET-LAB3 REBOOT: peer 0x88ba incarnation ef4f4a85 -> 1189e305 (seq restarts at 284; NOT a replay)
ENET-LAB3 REBOOT: peer 0x88ba incarnation ef4f4a85 -> 1189e305 (seq restarts at 284; NOT a replay)
ENET-LAB3 PASS: t=1788364851.079s peers=1/1 validated=2 beat=639 loss=794853255 foreign=937 self=360 reboots=473 legacy=0
ENET-LAB3 PASS: t=1788364851.079s peers=1/1 validated=2 beat=237 loss=794853255 foreign=937 self=361 reboots=473 legacy=0
ENET-LAB3 REBOOT: peer 0x88ba incarnation 1189e305 -> ef4f4a85 (seq restarts at 3368015; NOT a replay)
ENET-LAB3 REBOOT: peer 0x88ba incarnation 1189e305 -> ef4f4a85 (seq restarts at 3368015; NOT a replay)
ENET-LAB3 REBOOT: peer 0x88ba incarnation ef4f4a85 -> 1189e305 (seq restarts at 285; NOT a replay)
ENET-LAB3 PASS: t=1788364851.282s peers=1/1 validated=2 beat=640 loss=798221269 foreign=937 self=362 reboots=474 legacy=0
ENET-LAB3 REBOOT: peer 0x88ba incarnation ef4f4a85 -> 1189e305 (seq restarts at 285; NOT a replay)
ENET-LAB3 PASS: t=1788364851.283s peers=1/1 validated=2 beat=641 loss=798221553 foreign=937 self=362 reboots=475 legacy=0
ENET-LAB3 PASS: t=1788364851.341s peers=1/1 validated=2 beat=238 loss=798221553 foreign=938 self=362 reboots=475 legacy=0
ENET-LAB3 REBOOT: peer 0x88ba incarnation 1189e305 -> ef4f4a85 (seq restarts at 3368016; NOT a replay)
ENET-LAB3 REBOOT: peer 0x88ba incarnation 1189e305 -> ef4f4a85 (seq restarts at 3368016; NOT a replay)
ENET-LAB3 PASS: t=1788364851.487s peers=1/1 validated=2 beat=642 loss=801589568 foreign=938 self=362 reboots=476 legacy=0
ENET-LAB3 REBOOT: peer 0x88ba incarnation ef4f4a85 -> 1189e305 (seq restarts at 286; NOT a replay)
ENET-LAB3 PASS: t=1788364851.487s peers=1/1 validated=2 beat=643 loss=801589853 foreign=938 self=362 reboots=477 legacy=0
ENET-LAB3 REBOOT: peer 0x88ba incarnation ef4f4a85 -> 1189e305 (seq restarts at 286; NOT a replay)
ENET-LAB3 PASS: t=1788364851.689s peers=1/1 validated=2 beat=239 loss=801589853 foreign=938 self=364 reboots=477 legacy=0
ENET-LAB3 REBOOT: peer 0x88ba incarnation 1189e305 -> ef4f4a85 (seq restarts at 3368017; NOT a replay)
ENET-LAB3 REBOOT: peer 0x88ba incarnation 1189e305 -> ef4f4a85 (seq restarts at 3368017; NOT a replay)
ENET-LAB3 REBOOT: peer 0x88ba incarnation ef4f4a85 -> 1189e305 (seq restarts at 287; NOT a replay)
ENET-LAB3 PASS: t=1788364851.691s peers=1/1 validated=2 beat=644 loss=804957869 foreign=938 self=364 reboots=478 legacy=0
ENET-LAB3 REBOOT: peer 0x88ba incarnation ef4f4a85 -> 1189e305 (seq restarts at 287; NOT a replay)
ENET-LAB3 PASS: t=1788364851.691s peers=1/1 validated=2 beat=645 loss=804958155 foreign=938 self=364 reboots=479 legacy=0
ENET-LAB3 PASS: t=1788364851.892s peers=1/1 validated=2 beat=240 loss=804958155 foreign=938 self=365 reboots=479 legacy=0
ENET-LAB3 REBOOT: peer 0x88ba incarnation 1189e305 -> ef4f4a85 (seq restarts at 3368018; NOT a replay)
ENET-LAB3 REBOOT: peer 0x88ba incarnation 1189e305 -> ef4f4a85 (seq restarts at 3368018; NOT a replay)
ENET-LAB3 REBOOT: peer 0x88ba incarnation ef4f4a85 -> 1189e305 (seq restarts at 288; NOT a replay)
ENET-LAB3 PASS: t=1788364851.894s peers=1/1 validated=2 beat=646 loss=808326172 foreign=938 self=365 reboots=480 legacy=0
ENET-LAB3 REBOOT: peer 0x88ba incarnation ef4f4a85 -> 1189e305 (seq restarts at 288; NOT a replay)
ENET-LAB3 PASS: t=1788364851.895s peers=1/1 validated=2 beat=647 loss=808326459 foreign=938 self=365 reboots=481 legacy=0
ENET-LAB3 REBOOT: peer 0x88ba incarnation 1189e305 -> ef4f4a85 (seq restarts at 3368019; NOT a replay)
ENET-LAB3 REBOOT: peer 0x88ba incarnation 1189e305 -> ef4f4a85 (seq restarts at 3368019; NOT a replay)
ENET-LAB3 PASS: t=1788364852.099s peers=1/1 validated=2 beat=648 loss=811694477 foreign=940 self=365 reboots=482 legacy=0
ENET-LAB3 REBOOT: peer 0x88ba incarnation ef4f4a85 -> 1189e305 (seq restarts at 289; NOT a replay)
ENET-LAB3 PASS: t=1788364852.099s peers=1/1 validated=2 beat=649 loss=811694765 foreign=940 self=365 reboots=483 legacy=0
ENET-LAB3 REBOOT: peer 0x88ba incarnation ef4f4a85 -> 1189e305 (seq restarts at 289; NOT a replay)
ENET-LAB3 PASS: t=1788364852.100s peers=1/1 validated=2 beat=241 loss=811694765 foreign=940 self=366 reboots=483 legacy=0
ENET-LAB3 REBOOT: peer 0x88ba incarnation 1189e305 -> ef4f4a85 (seq restarts at 3368020; NOT a replay)
ENET-LAB3 PASS: t=1788364852.303s peers=1/1 validated=2 beat=650 loss=811694765 foreign=940 self=367 reboots=483 legacy=0
ENET-LAB3 REBOOT: peer 0x88ba incarnation 1189e305 -> ef4f4a85 (seq restarts at 3368020; NOT a replay)
ENET-LAB3 PASS: t=1788364852.303s peers=1/1 validated=2 beat=651 loss=815062784 foreign=940 self=367 reboots=484 legacy=0
ENET-LAB3 PASS: t=1788364852.357s peers=1/1 validated=2 beat=242 loss=815062784 foreign=941 self=367 reboots=484 legacy=0
ENET-LAB3 REBOOT: peer 0x88ba incarnation ef4f4a85 -> 1189e305 (seq restarts at 291; NOT a replay)
ENET-LAB3 REBOOT: peer 0x88ba incarnation 1189e305 -> ef4f4a85 (seq restarts at 3368021; NOT a replay)
ENET-LAB3 REBOOT: peer 0x88ba incarnation ef4f4a85 -> 1189e305 (seq restarts at 291; NOT a replay)
ENET-LAB3 PASS: t=1788364852.507s peers=1/1 validated=2 beat=652 loss=815063074 foreign=942 self=367 reboots=485 legacy=0
ENET-LAB3 REBOOT: peer 0x88ba incarnation 1189e305 -> ef4f4a85 (seq restarts at 3368021; NOT a replay)
ENET-LAB3 PASS: t=1788364852.508s peers=1/1 validated=2 beat=653 loss=818431094 foreign=942 self=367 reboots=486 legacy=0
ENET-LAB3 PASS: t=1788364852.710s peers=1/1 validated=2 beat=243 loss=818431094 foreign=942 self=369 reboots=486 legacy=0
ENET-LAB3 PASS: t=1788364852.711s peers=1/1 validated=2 beat=654 loss=818431094 foreign=942 self=369 reboots=486 legacy=0
ENET-LAB3 REBOOT: peer 0x88ba incarnation ef4f4a85 -> 1189e305 (seq restarts at 292; NOT a replay)
ENET-LAB3 REBOOT: peer 0x88ba incarnation ef4f4a85 -> 1189e305 (seq restarts at 292; NOT a replay)
ENET-LAB3 PASS: t=1788364852.712s peers=1/1 validated=2 beat=655 loss=818431385 foreign=942 self=369 reboots=487 legacy=0
ENET-LAB3 REBOOT: peer 0x88ba incarnation 1189e305 -> ef4f4a85 (seq restarts at 3368023; NOT a replay)
ENET-LAB3 REBOOT: peer 0x88ba incarnation 1189e305 -> ef4f4a85 (seq restarts at 3368023; NOT a replay)
ENET-LAB3 PASS: t=1788364852.915s peers=1/1 validated=2 beat=656 loss=821799407 foreign=943 self=369 reboots=488 legacy=0
ENET-LAB3 REBOOT: peer 0x88ba incarnation ef4f4a85 -> 1189e305 (seq restarts at 293; NOT a replay)
ENET-LAB3 REBOOT: peer 0x88ba incarnation ef4f4a85 -> 1189e305 (seq restarts at 293; NOT a replay)
ENET-LAB3 PASS: t=1788364852.916s peers=1/1 validated=2 beat=657 loss=821799699 foreign=943 self=369 reboots=489 legacy=0
ENET-LAB3 PASS: t=1788364852.916s peers=1/1 validated=2 beat=244 loss=821799699 foreign=943 self=370 reboots=489 legacy=0
ENET-LAB3 REBOOT: peer 0x88ba incarnation 1189e305 -> ef4f4a85 (seq restarts at 3368024; NOT a replay)
ENET-LAB3 REBOOT: peer 0x88ba incarnation 1189e305 -> ef4f4a85 (seq restarts at 3368024; NOT a replay)
ENET-LAB3 PASS: t=1788364853.122s peers=1/1 validated=2 beat=658 loss=825167722 foreign=945 self=370 reboots=490 legacy=0
ENET-LAB3 REBOOT: peer 0x88ba incarnation ef4f4a85 -> 1189e305 (seq restarts at 294; NOT a replay)
ENET-LAB3 REBOOT: peer 0x88ba incarnation ef4f4a85 -> 1189e305 (seq restarts at 294; NOT a replay)
ENET-LAB3 PASS: t=1788364853.124s peers=1/1 validated=2 beat=659 loss=825168015 foreign=945 self=370 reboots=491 legacy=0
ENET-LAB3 PASS: t=1788364853.124s peers=1/1 validated=2 beat=245 loss=825168015 foreign=945 self=371 reboots=491 legacy=0
ENET-LAB3 REBOOT: peer 0x88ba incarnation 1189e305 -> ef4f4a85 (seq restarts at 3368025; NOT a replay)
ENET-LAB3 REBOOT: peer 0x88ba incarnation 1189e305 -> ef4f4a85 (seq restarts at 3368025; NOT a replay)
ENET-LAB3 REBOOT: peer 0x88ba incarnation ef4f4a85 -> 1189e305 (seq restarts at 295; NOT a replay)
ENET-LAB3 PASS: t=1788364853.328s peers=1/1 validated=2 beat=660 loss=828536039 foreign=945 self=372 reboots=492 legacy=0
ENET-LAB3 REBOOT: peer 0x88ba incarnation ef4f4a85 -> 1189e305 (seq restarts at 295; NOT a replay)
ENET-LAB3 PASS: t=1788364853.328s peers=1/1 validated=2 beat=661 loss=828536333 foreign=945 self=372 reboots=493 legacy=0
ENET-LAB3 PASS: t=1788364853.333s peers=1/1 validated=2 beat=246 loss=828536333 foreign=946 self=372 reboots=493 legacy=0
ENET-LAB3 REBOOT: peer 0x88ba incarnation 1189e305 -> ef4f4a85 (seq restarts at 3368026; NOT a replay)
ENET-LAB3 REBOOT: peer 0x88ba incarnation 1189e305 -> ef4f4a85 (seq restarts at 3368026; NOT a replay)
ENET-LAB3 PASS: t=1788364853.532s peers=1/1 validated=2 beat=662 loss=831904358 foreign=949 self=372 reboots=494 legacy=0
ENET-LAB3 REBOOT: peer 0x88ba incarnation ef4f4a85 -> 1189e305 (seq restarts at 296; NOT a replay)
ENET-LAB3 PASS: t=1788364853.533s peers=1/1 validated=2 beat=663 loss=831904653 foreign=949 self=372 reboots=495 legacy=0
ENET-LAB3 REBOOT: peer 0x88ba incarnation ef4f4a85 -> 1189e305 (seq restarts at 296; NOT a replay)
ENET-LAB3 PASS: t=1788364853.735s peers=1/1 validated=2 beat=247 loss=831904653 foreign=949 self=374 reboots=495 legacy=0
ENET-LAB3 REBOOT: peer 0x88ba incarnation 1189e305 -> ef4f4a85 (seq restarts at 3368027; NOT a replay)
ENET-LAB3 REBOOT: peer 0x88ba incarnation 1189e305 -> ef4f4a85 (seq restarts at 3368027; NOT a replay)
ENET-LAB3 PASS: t=1788364853.737s peers=1/1 validated=2 beat=664 loss=835272679 foreign=949 self=374 reboots=496 legacy=0
ENET-LAB3 REBOOT: peer 0x88ba incarnation ef4f4a85 -> 1189e305 (seq restarts at 297; NOT a replay)
ENET-LAB3 REBOOT: peer 0x88ba incarnation ef4f4a85 -> 1189e305 (seq restarts at 297; NOT a replay)
ENET-LAB3 PASS: t=1788364853.738s peers=1/1 validated=2 beat=665 loss=835272975 foreign=949 self=374 reboots=497 legacy=0
ENET-LAB3 PASS: t=1788364853.940s peers=1/1 validated=2 beat=248 loss=835272975 foreign=949 self=375 reboots=497 legacy=0
ENET-LAB3 REBOOT: peer 0x88ba incarnation 1189e305 -> ef4f4a85 (seq restarts at 3368028; NOT a replay)
ENET-LAB3 REBOOT: peer 0x88ba incarnation 1189e305 -> ef4f4a85 (seq restarts at 3368028; NOT a replay)
ENET-LAB3 PASS: t=1788364853.941s peers=1/1 validated=2 beat=666 loss=838641002 foreign=949 self=375 reboots=498 legacy=0
ENET-LAB3 REBOOT: peer 0x88ba incarnation ef4f4a85 -> 1189e305 (seq restarts at 298; NOT a replay)
ENET-LAB3 REBOOT: peer 0x88ba incarnation ef4f4a85 -> 1189e305 (seq restarts at 298; NOT a replay)
ENET-LAB3 PASS: t=1788364853.942s peers=1/1 validated=2 beat=667 loss=838641299 foreign=949 self=375 reboots=499 legacy=0
ENET-LAB3 PASS: t=1788364854.144s peers=1/1 validated=2 beat=249 loss=838641299 foreign=949 self=376 reboots=499 legacy=0
ENET-LAB3 REBOOT: peer 0x88ba incarnation 1189e305 -> ef4f4a85 (seq restarts at 3368029; NOT a replay)
ENET-LAB3 REBOOT: peer 0x88ba incarnation 1189e305 -> ef4f4a85 (seq restarts at 3368029; NOT a replay)
ENET-LAB3 PASS: t=1788364854.146s peers=1/1 validated=2 beat=668 loss=842009327 foreign=949 self=376 reboots=500 legacy=0
ENET-LAB3 REBOOT: peer 0x88ba incarnation ef4f4a85 -> 1189e305 (seq restarts at 299; NOT a replay)
ENET-LAB3 REBOOT: peer 0x88ba incarnation ef4f4a85 -> 1189e305 (seq restarts at 299; NOT a replay)
ENET-LAB3 PASS: t=1788364854.147s peers=1/1 validated=2 beat=669 loss=842009625 foreign=949 self=376 reboots=501 legacy=0
ENET-LAB3 PASS: t=1788364854.512s peers=1/1 validated=2 beat=250 loss=842009625 foreign=951 self=377 reboots=501 legacy=0
ENET-LAB3 PASS: t=1788364854.550s peers=1/1 validated=2 beat=670 loss=842009625 foreign=951 self=377 reboots=501 legacy=0
ENET-LAB3 REBOOT: peer 0x88ba incarnation 1189e305 -> ef4f4a85 (seq restarts at 3368030; NOT a replay)
ENET-LAB3 REBOOT: peer 0x88ba incarnation 1189e305 -> ef4f4a85 (seq restarts at 3368030; NOT a replay)
ENET-LAB3 PASS: t=1788364854.551s peers=1/1 validated=2 beat=671 loss=845377654 foreign=951 self=377 reboots=502 legacy=0
ENET-LAB3 REBOOT: peer 0x88ba incarnation ef4f4a85 -> 1189e305 (seq restarts at 301; NOT a replay)
ENET-LAB3 REBOOT: peer 0x88ba incarnation ef4f4a85 -> 1189e305 (seq restarts at 301; NOT a replay)
ENET-LAB3 PASS: t=1788364854.757s peers=1/1 validated=2 beat=672 loss=845377954 foreign=952 self=378 reboots=503 legacy=0
ENET-LAB3 REBOOT: peer 0x88ba incarnation 1189e305 -> ef4f4a85 (seq restarts at 3368031; NOT a replay)
ENET-LAB3 PASS: t=1788364854.758s peers=1/1 validated=2 beat=673 loss=848745984 foreign=952 self=378 reboots=504 legacy=0
ENET-LAB3 REBOOT: peer 0x88ba incarnation 1189e305 -> ef4f4a85 (seq restarts at 3368031; NOT a replay)
ENET-LAB3 PASS: t=1788364854.759s peers=1/1 validated=2 beat=251 loss=848745984 foreign=952 self=379 reboots=504 legacy=0
ENET-LAB3 REBOOT: peer 0x88ba incarnation ef4f4a85 -> 1189e305 (seq restarts at 302; NOT a replay)
ENET-LAB3 REBOOT: peer 0x88ba incarnation ef4f4a85 -> 1189e305 (seq restarts at 302; NOT a replay)
ENET-LAB3 PASS: t=1788364854.962s peers=1/1 validated=2 beat=674 loss=848746285 foreign=952 self=380 reboots=505 legacy=0
ENET-LAB3 REBOOT: peer 0x88ba incarnation 1189e305 -> ef4f4a85 (seq restarts at 3368032; NOT a replay)
ENET-LAB3 REBOOT: peer 0x88ba incarnation 1189e305 -> ef4f4a85 (seq restarts at 3368032; NOT a replay)
ENET-LAB3 PASS: t=1788364854.963s peers=1/1 validated=2 beat=675 loss=852114316 foreign=952 self=380 reboots=506 legacy=0
ENET-LAB3 PASS: t=1788364855.165s peers=1/1 validated=2 beat=252 loss=852114316 foreign=952 self=381 reboots=506 legacy=0
ENET-LAB3 PASS: t=1788364855.166s peers=1/1 validated=2 beat=676 loss=852114316 foreign=952 self=381 reboots=506 legacy=0
ENET-LAB3 REBOOT: peer 0x88ba incarnation ef4f4a85 -> 1189e305 (seq restarts at 303; NOT a replay)
ENET-LAB3 REBOOT: peer 0x88ba incarnation ef4f4a85 -> 1189e305 (seq restarts at 303; NOT a replay)
ENET-LAB3 PASS: t=1788364855.166s peers=1/1 validated=2 beat=677 loss=852114618 foreign=952 self=381 reboots=507 legacy=0
ENET-LAB3 PASS: t=1788364855.368s peers=1/1 validated=2 beat=253 loss=852114618 foreign=952 self=382 reboots=507 legacy=0
ENET-LAB3 REBOOT: peer 0x88ba incarnation 1189e305 -> ef4f4a85 (seq restarts at 3368034; NOT a replay)
ENET-LAB3 REBOOT: peer 0x88ba incarnation 1189e305 -> ef4f4a85 (seq restarts at 3368034; NOT a replay)
ENET-LAB3 REBOOT: peer 0x88ba incarnation ef4f4a85 -> 1189e305 (seq restarts at 304; NOT a replay)
ENET-LAB3 PASS: t=1788364855.370s peers=1/1 validated=2 beat=678 loss=855482651 foreign=952 self=382 reboots=508 legacy=0
ENET-LAB3 REBOOT: peer 0x88ba incarnation ef4f4a85 -> 1189e305 (seq restarts at 304; NOT a replay)
ENET-LAB3 PASS: t=1788364855.371s peers=1/1 validated=2 beat=679 loss=855482954 foreign=952 self=382 reboots=509 legacy=0
ENET-LAB3 PASS: t=1788364855.771s peers=1/1 validated=2 beat=254 loss=855482954 foreign=954 self=384 reboots=509 legacy=0
ENET-LAB3 REBOOT: peer 0x88ba incarnation 1189e305 -> ef4f4a85 (seq restarts at 3368035; NOT a replay)
ENET-LAB3 REBOOT: peer 0x88ba incarnation 1189e305 -> ef4f4a85 (seq restarts at 3368035; NOT a replay)
ENET-LAB3 REBOOT: peer 0x88ba incarnation ef4f4a85 -> 1189e305 (seq restarts at 305; NOT a replay)
ENET-LAB3 PASS: t=1788364855.773s peers=1/1 validated=2 beat=680 loss=858850988 foreign=954 self=384 reboots=510 legacy=0
ENET-LAB3 REBOOT: peer 0x88ba incarnation ef4f4a85 -> 1189e305 (seq restarts at 305; NOT a replay)
ENET-LAB3 PASS: t=1788364855.773s peers=1/1 validated=2 beat=681 loss=858851292 foreign=954 self=384 reboots=511 legacy=0
ENET-LAB3 REBOOT: peer 0x88ba incarnation 1189e305 -> ef4f4a85 (seq restarts at 3368036; NOT a replay)
ENET-LAB3 REBOOT: peer 0x88ba incarnation 1189e305 -> ef4f4a85 (seq restarts at 3368036; NOT a replay)
ENET-LAB3 PASS: t=1788364855.977s peers=1/1 validated=2 beat=682 loss=862219327 foreign=956 self=384 reboots=512 legacy=0
ENET-LAB3 REBOOT: peer 0x88ba incarnation ef4f4a85 -> 1189e305 (seq restarts at 306; NOT a replay)
ENET-LAB3 PASS: t=1788364855.978s peers=1/1 validated=2 beat=683 loss=862219632 foreign=956 self=384 reboots=513 legacy=0
ENET-LAB3 REBOOT: peer 0x88ba incarnation ef4f4a85 -> 1189e305 (seq restarts at 306; NOT a replay)
ENET-LAB3 PASS: t=1788364855.978s peers=1/1 validated=2 beat=255 loss=862219632 foreign=956 self=385 reboots=513 legacy=0
ENET-LAB3 PASS: t=1788364856.184s peers=1/1 validated=2 beat=684 loss=862219632 foreign=957 self=385 reboots=513 legacy=0
ENET-LAB3 REBOOT: peer 0x88ba incarnation 1189e305 -> ef4f4a85 (seq restarts at 3368037; NOT a replay)
ENET-LAB3 PASS: t=1788364856.185s peers=1/1 validated=2 beat=685 loss=865587668 foreign=957 self=385 reboots=514 legacy=0
ENET-LAB3 REBOOT: peer 0x88ba incarnation 1189e305 -> ef4f4a85 (seq restarts at 3368037; NOT a replay)
ENET-LAB3 PASS: t=1788364856.186s peers=1/1 validated=2 beat=256 loss=865587668 foreign=957 self=386 reboots=514 legacy=0
ENET-LAB3 REBOOT: peer 0x88ba incarnation ef4f4a85 -> 1189e305 (seq restarts at 308; NOT a replay)
ENET-LAB3 REBOOT: peer 0x88ba incarnation ef4f4a85 -> 1189e305 (seq restarts at 308; NOT a replay)
ENET-LAB3 PASS: t=1788364856.391s peers=1/1 validated=2 beat=686 loss=865587975 foreign=959 self=386 reboots=515 legacy=0
ENET-LAB3 REBOOT: peer 0x88ba incarnation 1189e305 -> ef4f4a85 (seq restarts at 3368038; NOT a replay)
ENET-LAB3 REBOOT: peer 0x88ba incarnation 1189e305 -> ef4f4a85 (seq restarts at 3368038; NOT a replay)
ENET-LAB3 PASS: t=1788364856.392s peers=1/1 validated=2 beat=687 loss=868956012 foreign=959 self=386 reboots=516 legacy=0
ENET-LAB3 PASS: t=1788364856.392s peers=1/1 validated=2 beat=257 loss=868956012 foreign=959 self=387 reboots=516 legacy=0
ENET-LAB3 PASS: t=1788364856.598s peers=1/1 validated=2 beat=688 loss=868956012 foreign=960 self=387 reboots=516 legacy=0
ENET-LAB3 REBOOT: peer 0x88ba incarnation ef4f4a85 -> 1189e305 (seq restarts at 309; NOT a replay)
ENET-LAB3 REBOOT: peer 0x88ba incarnation ef4f4a85 -> 1189e305 (seq restarts at 309; NOT a replay)
ENET-LAB3 PASS: t=1788364856.599s peers=1/1 validated=2 beat=689 loss=868956320 foreign=960 self=387 reboots=517 legacy=0
ENET-LAB3 PASS: t=1788364856.599s peers=1/1 validated=2 beat=258 loss=868956320 foreign=960 self=388 reboots=517 legacy=0
ENET-LAB3 REBOOT: peer 0x88ba incarnation 1189e305 -> ef4f4a85 (seq restarts at 3368040; NOT a replay)
ENET-LAB3 REBOOT: peer 0x88ba incarnation 1189e305 -> ef4f4a85 (seq restarts at 3368040; NOT a replay)
ENET-LAB3 PASS: t=1788364856.806s peers=1/1 validated=2 beat=690 loss=872324359 foreign=961 self=388 reboots=518 legacy=0
ENET-LAB3 REBOOT: peer 0x88ba incarnation ef4f4a85 -> 1189e305 (seq restarts at 310; NOT a replay)
ENET-LAB3 PASS: t=1788364856.806s peers=1/1 validated=2 beat=691 loss=872324668 foreign=961 self=388 reboots=519 legacy=0
ENET-LAB3 REBOOT: peer 0x88ba incarnation ef4f4a85 -> 1189e305 (seq restarts at 310; NOT a replay)
ENET-LAB3 PASS: t=1788364856.807s peers=1/1 validated=2 beat=259 loss=872324668 foreign=961 self=389 reboots=519 legacy=0
ENET-LAB3 PASS: t=1788364857.010s peers=1/1 validated=2 beat=692 loss=872324668 foreign=961 self=390 reboots=519 legacy=0
ENET-LAB3 REBOOT: peer 0x88ba incarnation 1189e305 -> ef4f4a85 (seq restarts at 3368041; NOT a replay)
ENET-LAB3 PASS: t=1788364857.010s peers=1/1 validated=2 beat=693 loss=875692708 foreign=961 self=390 reboots=520 legacy=0
ENET-LAB3 REBOOT: peer 0x88ba incarnation 1189e305 -> ef4f4a85 (seq restarts at 3368041; NOT a replay)
ENET-LAB3 PASS: t=1788364857.029s peers=1/1 validated=2 beat=260 loss=875692708 foreign=963 self=390 reboots=520 legacy=0
ENET-LAB3 REBOOT: peer 0x88ba incarnation ef4f4a85 -> 1189e305 (seq restarts at 312; NOT a replay)
ENET-LAB3 REBOOT: peer 0x88ba incarnation ef4f4a85 -> 1189e305 (seq restarts at 312; NOT a replay)
ENET-LAB3 PASS: t=1788364857.214s peers=1/1 validated=2 beat=694 loss=875693019 foreign=965 self=390 reboots=521 legacy=0
ENET-LAB3 REBOOT: peer 0x88ba incarnation 1189e305 -> ef4f4a85 (seq restarts at 3368042; NOT a replay)
ENET-LAB3 PASS: t=1788364857.215s peers=1/1 validated=2 beat=695 loss=879061060 foreign=965 self=390 reboots=522 legacy=0
ENET-LAB3 REBOOT: peer 0x88ba incarnation 1189e305 -> ef4f4a85 (seq restarts at 3368042; NOT a replay)
ENET-LAB3 PASS: t=1788364857.417s peers=1/1 validated=2 beat=261 loss=879061060 foreign=965 self=392 reboots=522 legacy=0
ENET-LAB3 REBOOT: peer 0x88ba incarnation ef4f4a85 -> 1189e305 (seq restarts at 313; NOT a replay)
ENET-LAB3 PASS: t=1788364857.418s peers=1/1 validated=2 beat=696 loss=879061372 foreign=965 self=392 reboots=523 legacy=0
ENET-LAB3 REBOOT: peer 0x88ba incarnation 1189e305 -> ef4f4a85 (seq restarts at 3368043; NOT a replay)
ENET-LAB3 PASS: t=1788364857.419s peers=1/1 validated=2 beat=697 loss=882429414 foreign=965 self=392 reboots=524 legacy=0
ENET-LAB3 REBOOT: peer 0x88ba incarnation ef4f4a85 -> 1189e305 (seq restarts at 313; NOT a replay)
ENET-LAB3 REBOOT: peer 0x88ba incarnation 1189e305 -> ef4f4a85 (seq restarts at 3368043; NOT a replay)
ENET-LAB3 REBOOT: peer 0x88ba incarnation ef4f4a85 -> 1189e305 (seq restarts at 314; NOT a replay)
ENET-LAB3 PASS: t=1788364857.623s peers=1/1 validated=2 beat=698 loss=882429414 foreign=966 self=392 reboots=524 legacy=0
ENET-LAB3 REBOOT: peer 0x88ba incarnation ef4f4a85 -> 1189e305 (seq restarts at 314; NOT a replay)
ENET-LAB3 PASS: t=1788364857.623s peers=1/1 validated=2 beat=699 loss=882429727 foreign=966 self=392 reboots=525 legacy=0
ENET-LAB3 PASS: t=1788364857.624s peers=1/1 validated=2 beat=262 loss=882429727 foreign=966 self=392 reboots=525 legacy=0
ENET-LAB3 PASS: t=1788364857.827s peers=1/1 validated=2 beat=700 loss=882429727 foreign=966 self=394 reboots=525 legacy=0
ENET-LAB3 REBOOT: peer 0x88ba incarnation 1189e305 -> ef4f4a85 (seq restarts at 3368045; NOT a replay)
ENET-LAB3 PASS: t=1788364857.828s peers=1/1 validated=2 beat=701 loss=885797771 foreign=966 self=394 reboots=526 legacy=0
ENET-LAB3 REBOOT: peer 0x88ba incarnation 1189e305 -> ef4f4a85 (seq restarts at 3368045; NOT a replay)
ENET-LAB3 PASS: t=1788364857.963s peers=1/1 validated=2 beat=263 loss=885797771 foreign=967 self=394 reboots=526 legacy=0
ENET-LAB3 REBOOT: peer 0x88ba incarnation ef4f4a85 -> 1189e305 (seq restarts at 316; NOT a replay)
ENET-LAB3 REBOOT: peer 0x88ba incarnation ef4f4a85 -> 1189e305 (seq restarts at 316; NOT a replay)
ENET-LAB3 PASS: t=1788364858.032s peers=1/1 validated=2 beat=702 loss=885798086 foreign=967 self=394 reboots=527 legacy=0
ENET-LAB3 REBOOT: peer 0x88ba incarnation 1189e305 -> ef4f4a85 (seq restarts at 3368046; NOT a replay)
ENET-LAB3 PASS: t=1788364858.032s peers=1/1 validated=2 beat=703 loss=889166131 foreign=967 self=394 reboots=528 legacy=0
ENET-LAB3 REBOOT: peer 0x88ba incarnation 1189e305 -> ef4f4a85 (seq restarts at 3368046; NOT a replay)
ENET-LAB3 REBOOT: peer 0x88ba incarnation ef4f4a85 -> 1189e305 (seq restarts at 317; NOT a replay)
ENET-LAB3 REBOOT: peer 0x88ba incarnation ef4f4a85 -> 1189e305 (seq restarts at 317; NOT a replay)
ENET-LAB3 PASS: t=1788364858.238s peers=1/1 validated=2 beat=704 loss=889166447 foreign=972 self=395 reboots=529 legacy=0
ENET-LAB3 REBOOT: peer 0x88ba incarnation 1189e305 -> ef4f4a85 (seq restarts at 3368047; NOT a replay)
ENET-LAB3 PASS: t=1788364858.239s peers=1/1 validated=2 beat=705 loss=892534493 foreign=972 self=395 reboots=530 legacy=0
ENET-LAB3 REBOOT: peer 0x88ba incarnation 1189e305 -> ef4f4a85 (seq restarts at 3368047; NOT a replay)
ENET-LAB3 PASS: t=1788364858.239s peers=1/1 validated=2 beat=264 loss=892534493 foreign=972 self=396 reboots=530 legacy=0
ENET-LAB3 REBOOT: peer 0x88ba incarnation ef4f4a85 -> 1189e305 (seq restarts at 318; NOT a replay)
ENET-LAB3 REBOOT: peer 0x88ba incarnation ef4f4a85 -> 1189e305 (seq restarts at 318; NOT a replay)
ENET-LAB3 PASS: t=1788364858.443s peers=1/1 validated=2 beat=706 loss=892534810 foreign=972 self=397 reboots=531 legacy=0
ENET-LAB3 REBOOT: peer 0x88ba incarnation 1189e305 -> ef4f4a85 (seq restarts at 3368048; NOT a replay)
ENET-LAB3 REBOOT: peer 0x88ba incarnation 1189e305 -> ef4f4a85 (seq restarts at 3368048; NOT a replay)
ENET-LAB3 PASS: t=1788364858.443s peers=1/1 validated=2 beat=707 loss=895902857 foreign=972 self=397 reboots=532 legacy=0
ENET-LAB3 PASS: t=1788364858.463s peers=1/1 validated=2 beat=265 loss=895902857 foreign=973 self=397 reboots=532 legacy=0
ENET-LAB3 REBOOT: peer 0x88ba incarnation ef4f4a85 -> 1189e305 (seq restarts at 319; NOT a replay)
ENET-LAB3 REBOOT: peer 0x88ba incarnation ef4f4a85 -> 1189e305 (seq restarts at 319; NOT a replay)
ENET-LAB3 PASS: t=1788364858.647s peers=1/1 validated=2 beat=708 loss=895903175 foreign=974 self=397 reboots=533 legacy=0
ENET-LAB3 REBOOT: peer 0x88ba incarnation 1189e305 -> ef4f4a85 (seq restarts at 3368049; NOT a replay)
ENET-LAB3 PASS: t=1788364858.648s peers=1/1 validated=2 beat=709 loss=899271223 foreign=974 self=397 reboots=534 legacy=0
ENET-LAB3 REBOOT: peer 0x88ba incarnation 1189e305 -> ef4f4a85 (seq restarts at 3368049; NOT a replay)
ENET-LAB3 PASS: t=1788364858.818s peers=1/1 validated=2 beat=266 loss=899271223 foreign=976 self=398 reboots=534 legacy=0
ENET-LAB3 REBOOT: peer 0x88ba incarnation ef4f4a85 -> 1189e305 (seq restarts at 320; NOT a replay)
ENET-LAB3 REBOOT: peer 0x88ba incarnation ef4f4a85 -> 1189e305 (seq restarts at 320; NOT a replay)
ENET-LAB3 PASS: t=1788364858.854s peers=1/1 validated=2 beat=710 loss=899271542 foreign=976 self=398 reboots=535 legacy=0
ENET-LAB3 REBOOT: peer 0x88ba incarnation 1189e305 -> ef4f4a85 (seq restarts at 3368050; NOT a replay)
ENET-LAB3 PASS: t=1788364858.855s peers=1/1 validated=2 beat=711 loss=902639591 foreign=976 self=398 reboots=536 legacy=0
ENET-LAB3 REBOOT: peer 0x88ba incarnation 1189e305 -> ef4f4a85 (seq restarts at 3368050; NOT a replay)
ENET-LAB3 PASS: t=1788364859.057s peers=1/1 validated=2 beat=267 loss=902639591 foreign=976 self=400 reboots=536 legacy=0
ENET-LAB3 REBOOT: peer 0x88ba incarnation ef4f4a85 -> 1189e305 (seq restarts at 321; NOT a replay)
ENET-LAB3 REBOOT: peer 0x88ba incarnation ef4f4a85 -> 1189e305 (seq restarts at 321; NOT a replay)
ENET-LAB3 PASS: t=1788364859.059s peers=1/1 validated=2 beat=712 loss=902639911 foreign=976 self=400 reboots=537 legacy=0
ENET-LAB3 REBOOT: peer 0x88ba incarnation 1189e305 -> ef4f4a85 (seq restarts at 3368051; NOT a replay)
ENET-LAB3 PASS: t=1788364859.060s peers=1/1 validated=2 beat=713 loss=906007961 foreign=976 self=400 reboots=538 legacy=0
ENET-LAB3 REBOOT: peer 0x88ba incarnation 1189e305 -> ef4f4a85 (seq restarts at 3368051; NOT a replay)
ENET-LAB3 PASS: t=1788364859.262s peers=1/1 validated=2 beat=268 loss=906007961 foreign=976 self=401 reboots=538 legacy=0
ENET-LAB3 REBOOT: peer 0x88ba incarnation ef4f4a85 -> 1189e305 (seq restarts at 322; NOT a replay)
ENET-LAB3 PASS: t=1788364859.263s peers=1/1 validated=2 beat=714 loss=906008282 foreign=976 self=401 reboots=539 legacy=0
ENET-LAB3 REBOOT: peer 0x88ba incarnation 1189e305 -> ef4f4a85 (seq restarts at 3368052; NOT a replay)
ENET-LAB3 PASS: t=1788364859.264s peers=1/1 validated=2 beat=715 loss=909376333 foreign=976 self=401 reboots=540 legacy=0
ENET-LAB3 REBOOT: peer 0x88ba incarnation ef4f4a85 -> 1189e305 (seq restarts at 322; NOT a replay)
ENET-LAB3 REBOOT: peer 0x88ba incarnation 1189e305 -> ef4f4a85 (seq restarts at 3368052; NOT a replay)
ENET-LAB3 REBOOT: peer 0x88ba incarnation ef4f4a85 -> 1189e305 (seq restarts at 323; NOT a replay)
ENET-LAB3 REBOOT: peer 0x88ba incarnation ef4f4a85 -> 1189e305 (seq restarts at 323; NOT a replay)
ENET-LAB3 PASS: t=1788364859.468s peers=1/1 validated=2 beat=716 loss=909376655 foreign=977 self=401 reboots=541 legacy=0
ENET-LAB3 REBOOT: peer 0x88ba incarnation 1189e305 -> ef4f4a85 (seq restarts at 3368053; NOT a replay)
ENET-LAB3 PASS: t=1788364859.468s peers=1/1 validated=2 beat=717 loss=912744707 foreign=977 self=401 reboots=542 legacy=0
ENET-LAB3 REBOOT: peer 0x88ba incarnation 1189e305 -> ef4f4a85 (seq restarts at 3368053; NOT a replay)
ENET-LAB3 PASS: t=1788364859.469s peers=1/1 validated=2 beat=269 loss=912744707 foreign=977 self=402 reboots=542 legacy=0
ENET-LAB3 REBOOT: peer 0x88ba incarnation ef4f4a85 -> 1189e305 (seq restarts at 324; NOT a replay)
ENET-LAB3 REBOOT: peer 0x88ba incarnation ef4f4a85 -> 1189e305 (seq restarts at 324; NOT a replay)
ENET-LAB3 PASS: t=1788364859.674s peers=1/1 validated=2 beat=718 loss=912745030 foreign=979 self=402 reboots=543 legacy=0
ENET-LAB3 REBOOT: peer 0x88ba incarnation 1189e305 -> ef4f4a85 (seq restarts at 3368054; NOT a replay)
ENET-LAB3 PASS: t=1788364859.675s peers=1/1 validated=2 beat=719 loss=916113083 foreign=979 self=402 reboots=544 legacy=0
ENET-LAB3 REBOOT: peer 0x88ba incarnation 1189e305 -> ef4f4a85 (seq restarts at 3368054; NOT a replay)
ENET-LAB3 PASS: t=1788364859.676s peers=1/1 validated=2 beat=270 loss=916113083 foreign=979 self=403 reboots=544 legacy=0
ENET-LAB3 REBOOT: peer 0x88ba incarnation ef4f4a85 -> 1189e305 (seq restarts at 325; NOT a replay)
ENET-LAB3 REBOOT: peer 0x88ba incarnation ef4f4a85 -> 1189e305 (seq restarts at 325; NOT a replay)
ENET-LAB3 REBOOT: peer 0x88ba incarnation 1189e305 -> ef4f4a85 (seq restarts at 3368055; NOT a replay)
ENET-LAB3 PASS: t=1788364859.880s peers=1/1 validated=2 beat=720 loss=916113407 foreign=979 self=404 reboots=545 legacy=0
ENET-LAB3 REBOOT: peer 0x88ba incarnation 1189e305 -> ef4f4a85 (seq restarts at 3368055; NOT a replay)
ENET-LAB3 PASS: t=1788364859.880s peers=1/1 validated=2 beat=721 loss=919481461 foreign=979 self=404 reboots=546 legacy=0
ENET-LAB3 PASS: t=1788364860.081s peers=1/1 validated=2 beat=271 loss=919481461 foreign=979 self=405 reboots=546 legacy=0
ENET-LAB3 REBOOT: peer 0x88ba incarnation ef4f4a85 -> 1189e305 (seq restarts at 326; NOT a replay)
ENET-LAB3 REBOOT: peer 0x88ba incarnation ef4f4a85 -> 1189e305 (seq restarts at 326; NOT a replay)
ENET-LAB3 REBOOT: peer 0x88ba incarnation 1189e305 -> ef4f4a85 (seq restarts at 3368056; NOT a replay)
ENET-LAB3 PASS: t=1788364860.083s peers=1/1 validated=2 beat=722 loss=919481786 foreign=979 self=405 reboots=547 legacy=0
ENET-LAB3 REBOOT: peer 0x88ba incarnation 1189e305 -> ef4f4a85 (seq restarts at 3368056; NOT a replay)
ENET-LAB3 PASS: t=1788364860.084s peers=1/1 validated=2 beat=723 loss=922849841 foreign=979 self=405 reboots=548 legacy=0
ENET-LAB3 REBOOT: peer 0x88ba incarnation ef4f4a85 -> 1189e305 (seq restarts at 327; NOT a replay)
ENET-LAB3 REBOOT: peer 0x88ba incarnation ef4f4a85 -> 1189e305 (seq restarts at 327; NOT a replay)
ENET-LAB3 PASS: t=1788364860.287s peers=1/1 validated=2 beat=724 loss=922850167 foreign=982 self=405 reboots=549 legacy=0
ENET-LAB3 REBOOT: peer 0x88ba incarnation 1189e305 -> ef4f4a85 (seq restarts at 3368057; NOT a replay)
ENET-LAB3 REBOOT: peer 0x88ba incarnation 1189e305 -> ef4f4a85 (seq restarts at 3368057; NOT a replay)
ENET-LAB3 PASS: t=1788364860.288s peers=1/1 validated=2 beat=725 loss=926218223 foreign=982 self=405 reboots=550 legacy=0
ENET-LAB3 PASS: t=1788364860.288s peers=1/1 validated=2 beat=272 loss=926218223 foreign=982 self=406 reboots=550 legacy=0
ENET-LAB3 REBOOT: peer 0x88ba incarnation ef4f4a85 -> 1189e305 (seq restarts at 328; NOT a replay)
ENET-LAB3 REBOOT: peer 0x88ba incarnation ef4f4a85 -> 1189e305 (seq restarts at 328; NOT a replay)
ENET-LAB3 PASS: t=1788364860.494s peers=1/1 validated=2 beat=726 loss=926218550 foreign=983 self=406 reboots=551 legacy=0
ENET-LAB3 REBOOT: peer 0x88ba incarnation 1189e305 -> ef4f4a85 (seq restarts at 3368058; NOT a replay)
ENET-LAB3 REBOOT: peer 0x88ba incarnation 1189e305 -> ef4f4a85 (seq restarts at 3368058; NOT a replay)
ENET-LAB3 PASS: t=1788364860.495s peers=1/1 validated=2 beat=727 loss=929586607 foreign=983 self=406 reboots=552 legacy=0
ENET-LAB3 PASS: t=1788364860.495s peers=1/1 validated=2 beat=273 loss=929586607 foreign=983 self=407 reboots=552 legacy=0
ENET-LAB3 PASS: t=1788364860.699s peers=1/1 validated=2 beat=728 loss=929586607 foreign=983 self=408 reboots=552 legacy=0
ENET-LAB3 REBOOT: peer 0x88ba incarnation ef4f4a85 -> 1189e305 (seq restarts at 329; NOT a replay)
ENET-LAB3 REBOOT: peer 0x88ba incarnation ef4f4a85 -> 1189e305 (seq restarts at 329; NOT a replay)
ENET-LAB3 PASS: t=1788364860.699s peers=1/1 validated=2 beat=729 loss=929586935 foreign=983 self=408 reboots=553 legacy=0
ENET-LAB3 PASS: t=1788364860.900s peers=1/1 validated=2 beat=274 loss=929586935 foreign=983 self=409 reboots=553 legacy=0
ENET-LAB3 REBOOT: peer 0x88ba incarnation 1189e305 -> ef4f4a85 (seq restarts at 3368060; NOT a replay)
ENET-LAB3 REBOOT: peer 0x88ba incarnation 1189e305 -> ef4f4a85 (seq restarts at 3368060; NOT a replay)
ENET-LAB3 REBOOT: peer 0x88ba incarnation ef4f4a85 -> 1189e305 (seq restarts at 330; NOT a replay)
ENET-LAB3 PASS: t=1788364860.903s peers=1/1 validated=2 beat=730 loss=932954994 foreign=983 self=409 reboots=554 legacy=0
ENET-LAB3 REBOOT: peer 0x88ba incarnation ef4f4a85 -> 1189e305 (seq restarts at 330; NOT a replay)
ENET-LAB3 PASS: t=1788364860.903s peers=1/1 validated=2 beat=731 loss=932955323 foreign=983 self=409 reboots=555 legacy=0
ENET-LAB3 PASS: t=1788364861.104s peers=1/1 validated=2 beat=275 loss=932955323 foreign=983 self=409 reboots=555 legacy=0
ENET-LAB3 REBOOT: peer 0x88ba incarnation 1189e305 -> ef4f4a85 (seq restarts at 3368061; NOT a replay)
ENET-LAB3 REBOOT: peer 0x88ba incarnation 1189e305 -> ef4f4a85 (seq restarts at 3368061; NOT a replay)
ENET-LAB3 REBOOT: peer 0x88ba incarnation ef4f4a85 -> 1189e305 (seq restarts at 331; NOT a replay)
ENET-LAB3 PASS: t=1788364861.108s peers=1/1 validated=2 beat=732 loss=936323383 foreign=983 self=410 reboots=556 legacy=0
ENET-LAB3 REBOOT: peer 0x88ba incarnation ef4f4a85 -> 1189e305 (seq restarts at 331; NOT a replay)
ENET-LAB3 PASS: t=1788364861.109s peers=1/1 validated=2 beat=733 loss=936323713 foreign=983 self=410 reboots=557 legacy=0
ENET-LAB3 REBOOT: peer 0x88ba incarnation 1189e305 -> ef4f4a85 (seq restarts at 3368062; NOT a replay)
ENET-LAB3 REBOOT: peer 0x88ba incarnation 1189e305 -> ef4f4a85 (seq restarts at 3368062; NOT a replay)
ENET-LAB3 REBOOT: peer 0x88ba incarnation ef4f4a85 -> 1189e305 (seq restarts at 332; NOT a replay)
ENET-LAB3 PASS: t=1788364861.312s peers=1/1 validated=2 beat=734 loss=939691774 foreign=984 self=410 reboots=558 legacy=0
ENET-LAB3 REBOOT: peer 0x88ba incarnation ef4f4a85 -> 1189e305 (seq restarts at 332; NOT a replay)
ENET-LAB3 PASS: t=1788364861.312s peers=1/1 validated=2 beat=735 loss=939692105 foreign=984 self=410 reboots=559 legacy=0
ENET-LAB3 PASS: t=1788364861.313s peers=1/1 validated=2 beat=276 loss=939692105 foreign=984 self=411 reboots=559 legacy=0
ENET-LAB3 REBOOT: peer 0x88ba incarnation 1189e305 -> ef4f4a85 (seq restarts at 3368063; NOT a replay)
ENET-LAB3 REBOOT: peer 0x88ba incarnation 1189e305 -> ef4f4a85 (seq restarts at 3368063; NOT a replay)
ENET-LAB3 PASS: t=1788364861.519s peers=1/1 validated=2 beat=736 loss=943060167 foreign=985 self=411 reboots=560 legacy=0
ENET-LAB3 REBOOT: peer 0x88ba incarnation ef4f4a85 -> 1189e305 (seq restarts at 333; NOT a replay)
ENET-LAB3 REBOOT: peer 0x88ba incarnation ef4f4a85 -> 1189e305 (seq restarts at 333; NOT a replay)
ENET-LAB3 PASS: t=1788364861.520s peers=1/1 validated=2 beat=737 loss=943060499 foreign=985 self=411 reboots=561 legacy=0
ENET-LAB3 PASS: t=1788364861.520s peers=1/1 validated=2 beat=277 loss=943060499 foreign=985 self=412 reboots=561 legacy=0
ENET-LAB3 PASS: t=1788364861.726s peers=1/1 validated=2 beat=738 loss=943060499 foreign=986 self=412 reboots=561 legacy=0
ENET-LAB3 REBOOT: peer 0x88ba incarnation 1189e305 -> ef4f4a85 (seq restarts at 3368064; NOT a replay)
ENET-LAB3 REBOOT: peer 0x88ba incarnation 1189e305 -> ef4f4a85 (seq restarts at 3368064; NOT a replay)
ENET-LAB3 PASS: t=1788364861.727s peers=1/1 validated=2 beat=739 loss=946428562 foreign=986 self=412 reboots=562 legacy=0
ENET-LAB3 PASS: t=1788364861.727s peers=1/1 validated=2 beat=278 loss=946428562 foreign=986 self=413 reboots=562 legacy=0
ENET-LAB3 REBOOT: peer 0x88ba incarnation ef4f4a85 -> 1189e305 (seq restarts at 335; NOT a replay)
ENET-LAB3 REBOOT: peer 0x88ba incarnation ef4f4a85 -> 1189e305 (seq restarts at 335; NOT a replay)
ENET-LAB3 REBOOT: peer 0x88ba incarnation 1189e305 -> ef4f4a85 (seq restarts at 3368065; NOT a replay)
ENET-LAB3 PASS: t=1788364861.932s peers=1/1 validated=2 beat=740 loss=946428896 foreign=986 self=414 reboots=563 legacy=0
ENET-LAB3 REBOOT: peer 0x88ba incarnation 1189e305 -> ef4f4a85 (seq restarts at 3368065; NOT a replay)
ENET-LAB3 PASS: t=1788364861.932s peers=1/1 validated=2 beat=741 loss=949796960 foreign=986 self=414 reboots=564 legacy=0
ENET-LAB3 PASS: t=1788364862.110s peers=1/1 validated=2 beat=279 loss=949796960 foreign=987 self=414 reboots=564 legacy=0
ENET-LAB3 REBOOT: peer 0x88ba incarnation ef4f4a85 -> 1189e305 (seq restarts at 336; NOT a replay)
ENET-LAB3 REBOOT: peer 0x88ba incarnation ef4f4a85 -> 1189e305 (seq restarts at 336; NOT a replay)
ENET-LAB3 PASS: t=1788364862.336s peers=1/1 validated=2 beat=742 loss=949797295 foreign=995 self=415 reboots=565 legacy=0
ENET-LAB3 REBOOT: peer 0x88ba incarnation 1189e305 -> ef4f4a85 (seq restarts at 3368066; NOT a replay)
ENET-LAB3 REBOOT: peer 0x88ba incarnation 1189e305 -> ef4f4a85 (seq restarts at 3368066; NOT a replay)
ENET-LAB3 PASS: t=1788364862.337s peers=1/1 validated=2 beat=743 loss=953165360 foreign=995 self=415 reboots=566 legacy=0
ENET-LAB3 PASS: t=1788364862.337s peers=1/1 validated=2 beat=280 loss=953165360 foreign=995 self=416 reboots=566 legacy=0
ENET-LAB3 REBOOT: peer 0x88ba incarnation ef4f4a85 -> 1189e305 (seq restarts at 337; NOT a replay)
ENET-LAB3 REBOOT: peer 0x88ba incarnation ef4f4a85 -> 1189e305 (seq restarts at 337; NOT a replay)
ENET-LAB3 REBOOT: peer 0x88ba incarnation 1189e305 -> ef4f4a85 (seq restarts at 3368067; NOT a replay)
ENET-LAB3 PASS: t=1788364862.543s peers=1/1 validated=2 beat=744 loss=953165696 foreign=996 self=416 reboots=567 legacy=0
ENET-LAB3 PASS: t=1788364862.543s peers=1/1 validated=2 beat=281 loss=956533762 foreign=996 self=416 reboots=568 legacy=0
ENET-LAB3 REBOOT: peer 0x88ba incarnation 1189e305 -> ef4f4a85 (seq restarts at 3368067; NOT a replay)
ENET-LAB3 PASS: t=1788364862.544s peers=1/1 validated=2 beat=745 loss=956533762 foreign=996 self=416 reboots=568 legacy=0
ENET-LAB3 REBOOT: peer 0x88ba incarnation ef4f4a85 -> 1189e305 (seq restarts at 338; NOT a replay)
ENET-LAB3 REBOOT: peer 0x88ba incarnation ef4f4a85 -> 1189e305 (seq restarts at 338; NOT a replay)
ENET-LAB3 PASS: t=1788364862.750s peers=1/1 validated=2 beat=746 loss=956534099 foreign=997 self=417 reboots=569 legacy=0
ENET-LAB3 REBOOT: peer 0x88ba incarnation 1189e305 -> ef4f4a85 (seq restarts at 3368068; NOT a replay)
ENET-LAB3 REBOOT: peer 0x88ba incarnation 1189e305 -> ef4f4a85 (seq restarts at 3368068; NOT a replay)
ENET-LAB3 PASS: t=1788364862.751s peers=1/1 validated=2 beat=747 loss=959902166 foreign=997 self=417 reboots=570 legacy=0
ENET-LAB3 PASS: t=1788364862.751s peers=1/1 validated=2 beat=282 loss=959902166 foreign=997 self=418 reboots=570 legacy=0
ENET-LAB3 REBOOT: peer 0x88ba incarnation ef4f4a85 -> 1189e305 (seq restarts at 339; NOT a replay)
ENET-LAB3 REBOOT: peer 0x88ba incarnation ef4f4a85 -> 1189e305 (seq restarts at 339; NOT a replay)
ENET-LAB3 REBOOT: peer 0x88ba incarnation 1189e305 -> ef4f4a85 (seq restarts at 3368069; NOT a replay)
ENET-LAB3 PASS: t=1788364862.956s peers=1/1 validated=2 beat=748 loss=959902504 foreign=997 self=419 reboots=571 legacy=0
ENET-LAB3 REBOOT: peer 0x88ba incarnation 1189e305 -> ef4f4a85 (seq restarts at 3368069; NOT a replay)
ENET-LAB3 PASS: t=1788364862.956s peers=1/1 validated=2 beat=749 loss=963270572 foreign=997 self=419 reboots=572 legacy=0
ENET-LAB3 PASS: t=1788364862.967s peers=1/1 validated=2 beat=283 loss=963270572 foreign=997 self=419 reboots=572 legacy=0
ENET-LAB3 REBOOT: peer 0x88ba incarnation ef4f4a85 -> 1189e305 (seq restarts at 340; NOT a replay)
ENET-LAB3 REBOOT: peer 0x88ba incarnation ef4f4a85 -> 1189e305 (seq restarts at 340; NOT a replay)
ENET-LAB3 REBOOT: peer 0x88ba incarnation 1189e305 -> ef4f4a85 (seq restarts at 3368070; NOT a replay)
ENET-LAB3 PASS: t=1788364863.159s peers=1/1 validated=2 beat=750 loss=963270911 foreign=1009 self=419 reboots=573 legacy=0
ENET-LAB3 REBOOT: peer 0x88ba incarnation 1189e305 -> ef4f4a85 (seq restarts at 3368070; NOT a replay)
ENET-LAB3 PASS: t=1788364863.160s peers=1/1 validated=2 beat=751 loss=966638980 foreign=1009 self=419 reboots=574 legacy=0
ENET-LAB3 PASS: t=1788364863.187s peers=1/1 validated=2 beat=284 loss=966638980 foreign=1013 self=420 reboots=574 legacy=0
ENET-LAB3 REBOOT: peer 0x88ba incarnation ef4f4a85 -> 1189e305 (seq restarts at 341; NOT a replay)
ENET-LAB3 REBOOT: peer 0x88ba incarnation ef4f4a85 -> 1189e305 (seq restarts at 341; NOT a replay)
ENET-LAB3 REBOOT: peer 0x88ba incarnation 1189e305 -> ef4f4a85 (seq restarts at 3368071; NOT a replay)
ENET-LAB3 PASS: t=1788364863.367s peers=1/1 validated=2 beat=752 loss=966639320 foreign=1014 self=420 reboots=575 legacy=0
ENET-LAB3 REBOOT: peer 0x88ba incarnation 1189e305 -> ef4f4a85 (seq restarts at 3368071; NOT a replay)
ENET-LAB3 PASS: t=1788364863.368s peers=1/1 validated=2 beat=753 loss=970007390 foreign=1014 self=420 reboots=576 legacy=0
ENET-LAB3 PASS: t=1788364863.397s peers=1/1 validated=2 beat=285 loss=970007390 foreign=1014 self=421 reboots=576 legacy=0
ENET-LAB3 REBOOT: peer 0x88ba incarnation ef4f4a85 -> 1189e305 (seq restarts at 342; NOT a replay)
ENET-LAB3 REBOOT: peer 0x88ba incarnation ef4f4a85 -> 1189e305 (seq restarts at 342; NOT a replay)
ENET-LAB3 PASS: t=1788364863.574s peers=1/1 validated=2 beat=754 loss=970007731 foreign=1023 self=421 reboots=577 legacy=0
ENET-LAB3 REBOOT: peer 0x88ba incarnation 1189e305 -> ef4f4a85 (seq restarts at 3368072; NOT a replay)
ENET-LAB3 REBOOT: peer 0x88ba incarnation 1189e305 -> ef4f4a85 (seq restarts at 3368072; NOT a replay)
ENET-LAB3 PASS: t=1788364863.575s peers=1/1 validated=2 beat=755 loss=973375802 foreign=1023 self=421 reboots=578 legacy=0
ENET-LAB3 PASS: t=1788364863.618s peers=1/1 validated=2 beat=286 loss=973375802 foreign=1024 self=422 reboots=578 legacy=0
ENET-LAB3 REBOOT: peer 0x88ba incarnation ef4f4a85 -> 1189e305 (seq restarts at 343; NOT a replay)
ENET-LAB3 REBOOT: peer 0x88ba incarnation ef4f4a85 -> 1189e305 (seq restarts at 343; NOT a replay)
ENET-LAB3 REBOOT: peer 0x88ba incarnation 1189e305 -> ef4f4a85 (seq restarts at 3368073; NOT a replay)
ENET-LAB3 PASS: t=1788364863.781s peers=1/1 validated=2 beat=756 loss=973376144 foreign=1024 self=422 reboots=579 legacy=0
ENET-LAB3 REBOOT: peer 0x88ba incarnation 1189e305 -> ef4f4a85 (seq restarts at 3368073; NOT a replay)
ENET-LAB3 PASS: t=1788364863.782s peers=1/1 validated=2 beat=757 loss=976744216 foreign=1024 self=422 reboots=580 legacy=0
ENET-LAB3 PASS: t=1788364863.834s peers=1/1 validated=2 beat=287 loss=976744216 foreign=1024 self=423 reboots=580 legacy=0
ENET-LAB3 REBOOT: peer 0x88ba incarnation ef4f4a85 -> 1189e305 (seq restarts at 344; NOT a replay)
ENET-LAB3 PASS: t=1788364863.988s peers=1/1 validated=2 beat=758 loss=976744559 foreign=1030 self=423 reboots=581 legacy=0
ENET-LAB3 REBOOT: peer 0x88ba incarnation ef4f4a85 -> 1189e305 (seq restarts at 344; NOT a replay)
ENET-LAB3 REBOOT: peer 0x88ba incarnation 1189e305 -> ef4f4a85 (seq restarts at 3368074; NOT a replay)
ENET-LAB3 REBOOT: peer 0x88ba incarnation 1189e305 -> ef4f4a85 (seq restarts at 3368074; NOT a replay)
ENET-LAB3 PASS: t=1788364863.989s peers=1/1 validated=2 beat=759 loss=980112632 foreign=1030 self=423 reboots=582 legacy=0
ENET-LAB3 PASS: t=1788364864.173s peers=1/1 validated=2 beat=288 loss=980112632 foreign=1031 self=424 reboots=582 legacy=0
ENET-LAB3 REBOOT: peer 0x88ba incarnation ef4f4a85 -> 1189e305 (seq restarts at 345; NOT a replay)
ENET-LAB3 REBOOT: peer 0x88ba incarnation ef4f4a85 -> 1189e305 (seq restarts at 345; NOT a replay)
ENET-LAB3 PASS: t=1788364864.195s peers=1/1 validated=2 beat=760 loss=980112976 foreign=1031 self=424 reboots=583 legacy=0
ENET-LAB3 REBOOT: peer 0x88ba incarnation 1189e305 -> ef4f4a85 (seq restarts at 3368075; NOT a replay)
ENET-LAB3 REBOOT: peer 0x88ba incarnation 1189e305 -> ef4f4a85 (seq restarts at 3368075; NOT a replay)
ENET-LAB3 PASS: t=1788364864.196s peers=1/1 validated=2 beat=761 loss=983481050 foreign=1031 self=424 reboots=584 legacy=0
ENET-LAB3 PASS: t=1788364864.397s peers=1/1 validated=2 beat=289 loss=983481050 foreign=1031 self=426 reboots=584 legacy=0
ENET-LAB3 REBOOT: peer 0x88ba incarnation ef4f4a85 -> 1189e305 (seq restarts at 346; NOT a replay)
ENET-LAB3 REBOOT: peer 0x88ba incarnation ef4f4a85 -> 1189e305 (seq restarts at 346; NOT a replay)
ENET-LAB3 PASS: t=1788364864.399s peers=1/1 validated=2 beat=762 loss=983481395 foreign=1031 self=426 reboots=585 legacy=0
ENET-LAB3 REBOOT: peer 0x88ba incarnation 1189e305 -> ef4f4a85 (seq restarts at 3368076; NOT a replay)
ENET-LAB3 REBOOT: peer 0x88ba incarnation 1189e305 -> ef4f4a85 (seq restarts at 3368076; NOT a replay)
ENET-LAB3 PASS: t=1788364864.399s peers=1/1 validated=2 beat=763 loss=986849470 foreign=1031 self=426 reboots=586 legacy=0
ENET-LAB3 REBOOT: peer 0x88ba incarnation ef4f4a85 -> 1189e305 (seq restarts at 347; NOT a replay)
ENET-LAB3 REBOOT: peer 0x88ba incarnation ef4f4a85 -> 1189e305 (seq restarts at 347; NOT a replay)
ENET-LAB3 PASS: t=1788364864.603s peers=1/1 validated=2 beat=764 loss=986849816 foreign=1033 self=426 reboots=587 legacy=0
ENET-LAB3 REBOOT: peer 0x88ba incarnation 1189e305 -> ef4f4a85 (seq restarts at 3368077; NOT a replay)
ENET-LAB3 REBOOT: peer 0x88ba incarnation 1189e305 -> ef4f4a85 (seq restarts at 3368077; NOT a replay)
ENET-LAB3 PASS: t=1788364864.604s peers=1/1 validated=2 beat=290 loss=990217892 foreign=1033 self=427 reboots=588 legacy=0
ENET-LAB3 PASS: t=1788364864.604s peers=1/1 validated=2 beat=765 loss=990217892 foreign=1033 self=426 reboots=588 legacy=0
ENET-LAB3 REBOOT: peer 0x88ba incarnation ef4f4a85 -> 1189e305 (seq restarts at 348; NOT a replay)
ENET-LAB3 REBOOT: peer 0x88ba incarnation ef4f4a85 -> 1189e305 (seq restarts at 348; NOT a replay)
ENET-LAB3 PASS: t=1788364864.809s peers=1/1 validated=2 beat=766 loss=990218239 foreign=1035 self=427 reboots=589 legacy=0
ENET-LAB3 REBOOT: peer 0x88ba incarnation 1189e305 -> ef4f4a85 (seq restarts at 3368078; NOT a replay)
ENET-LAB3 REBOOT: peer 0x88ba incarnation 1189e305 -> ef4f4a85 (seq restarts at 3368078; NOT a replay)
ENET-LAB3 PASS: t=1788364864.810s peers=1/1 validated=2 beat=767 loss=993586316 foreign=1035 self=427 reboots=590 legacy=0
ENET-LAB3 PASS: t=1788364864.810s peers=1/1 validated=2 beat=291 loss=993586316 foreign=1035 self=428 reboots=590 legacy=0
ENET-LAB3 REBOOT: peer 0x88ba incarnation ef4f4a85 -> 1189e305 (seq restarts at 349; NOT a replay)
ENET-LAB3 REBOOT: peer 0x88ba incarnation ef4f4a85 -> 1189e305 (seq restarts at 349; NOT a replay)
ENET-LAB3 PASS: t=1788364865.016s peers=1/1 validated=2 beat=768 loss=993586664 foreign=1036 self=428 reboots=591 legacy=0
ENET-LAB3 REBOOT: peer 0x88ba incarnation 1189e305 -> ef4f4a85 (seq restarts at 3368079; NOT a replay)
ENET-LAB3 REBOOT: peer 0x88ba incarnation 1189e305 -> ef4f4a85 (seq restarts at 3368079; NOT a replay)
ENET-LAB3 PASS: t=1788364865.017s peers=1/1 validated=2 beat=769 loss=996954742 foreign=1036 self=428 reboots=592 legacy=0
ENET-LAB3 PASS: t=1788364865.017s peers=1/1 validated=2 beat=292 loss=996954742 foreign=1036 self=429 reboots=592 legacy=0
ENET-LAB3 REBOOT: peer 0x88ba incarnation ef4f4a85 -> 1189e305 (seq restarts at 350; NOT a replay)
ENET-LAB3 REBOOT: peer 0x88ba incarnation 1189e305 -> ef4f4a85 (seq restarts at 3368080; NOT a replay)
ENET-LAB3 REBOOT: peer 0x88ba incarnation ef4f4a85 -> 1189e305 (seq restarts at 350; NOT a replay)
ENET-LAB3 PASS: t=1788364865.221s peers=1/1 validated=2 beat=770 loss=996955091 foreign=1036 self=430 reboots=593 legacy=0
ENET-LAB3 REBOOT: peer 0x88ba incarnation 1189e305 -> ef4f4a85 (seq restarts at 3368080; NOT a replay)
ENET-LAB3 PASS: t=1788364865.221s peers=1/1 validated=2 beat=771 loss=1000323170 foreign=1036 self=430 reboots=594 legacy=0
ENET-LAB3 PASS: t=1788364865.422s peers=1/1 validated=2 beat=293 loss=1000323170 foreign=1036 self=431 reboots=594 legacy=0
ENET-LAB3 PASS: t=1788364865.424s peers=1/1 validated=2 beat=772 loss=1000323170 foreign=1036 self=431 reboots=594 legacy=0
ENET-LAB3 REBOOT: peer 0x88ba incarnation ef4f4a85 -> 1189e305 (seq restarts at 351; NOT a replay)
ENET-LAB3 REBOOT: peer 0x88ba incarnation ef4f4a85 -> 1189e305 (seq restarts at 351; NOT a replay)
ENET-LAB3 PASS: t=1788364865.424s peers=1/1 validated=2 beat=773 loss=1000323520 foreign=1036 self=431 reboots=595 legacy=0
ENET-LAB3 PASS: t=1788364865.634s peers=1/1 validated=2 beat=294 loss=1000323520 foreign=1038 self=432 reboots=595 legacy=0
ENET-LAB3 PASS: t=1788364865.831s peers=1/1 validated=2 beat=774 loss=1000323520 foreign=1044 self=432 reboots=595 legacy=0
ENET-LAB3 REBOOT: peer 0x88ba incarnation 1189e305 -> ef4f4a85 (seq restarts at 3368082; NOT a replay)
ENET-LAB3 REBOOT: peer 0x88ba incarnation 1189e305 -> ef4f4a85 (seq restarts at 3368082; NOT a replay)
ENET-LAB3 PASS: t=1788364865.832s peers=1/1 validated=2 beat=775 loss=1003691601 foreign=1044 self=432 reboots=596 legacy=0
ENET-LAB3 PASS: t=1788364865.897s peers=1/1 validated=2 beat=295 loss=1003691601 foreign=1045 self=433 reboots=596 legacy=0
ENET-LAB3 REBOOT: peer 0x88ba incarnation ef4f4a85 -> 1189e305 (seq restarts at 353; NOT a replay)
ENET-LAB3 REBOOT: peer 0x88ba incarnation ef4f4a85 -> 1189e305 (seq restarts at 353; NOT a replay)
ENET-LAB3 REBOOT: peer 0x88ba incarnation 1189e305 -> ef4f4a85 (seq restarts at 3368083; NOT a replay)
ENET-LAB3 PASS: t=1788364866.038s peers=1/1 validated=2 beat=776 loss=1003691953 foreign=1047 self=433 reboots=597 legacy=0
ENET-LAB3 REBOOT: peer 0x88ba incarnation 1189e305 -> ef4f4a85 (seq restarts at 3368083; NOT a replay)
ENET-LAB3 PASS: t=1788364866.039s peers=1/1 validated=2 beat=777 loss=1007060035 foreign=1047 self=433 reboots=598 legacy=0
ENET-LAB3 PASS: t=1788364866.195s peers=1/1 validated=2 beat=296 loss=1007060035 foreign=1048 self=434 reboots=598 legacy=0
ENET-LAB3 REBOOT: peer 0x88ba incarnation ef4f4a85 -> 1189e305 (seq restarts at 354; NOT a replay)
ENET-LAB3 REBOOT: peer 0x88ba incarnation ef4f4a85 -> 1189e305 (seq restarts at 354; NOT a replay)
ENET-LAB3 PASS: t=1788364866.245s peers=1/1 validated=2 beat=778 loss=1007060388 foreign=1052 self=434 reboots=599 legacy=0
ENET-LAB3 REBOOT: peer 0x88ba incarnation 1189e305 -> ef4f4a85 (seq restarts at 3368084; NOT a replay)
ENET-LAB3 REBOOT: peer 0x88ba incarnation 1189e305 -> ef4f4a85 (seq restarts at 3368084; NOT a replay)
ENET-LAB3 PASS: t=1788364866.246s peers=1/1 validated=2 beat=779 loss=1010428471 foreign=1052 self=434 reboots=600 legacy=0
ENET-LAB3 PASS: t=1788364866.448s peers=1/1 validated=2 beat=297 loss=1010428471 foreign=1052 self=436 reboots=600 legacy=0
ENET-LAB3 REBOOT: peer 0x88ba incarnation ef4f4a85 -> 1189e305 (seq restarts at 355; NOT a replay)
ENET-LAB3 REBOOT: peer 0x88ba incarnation ef4f4a85 -> 1189e305 (seq restarts at 355; NOT a replay)
ENET-LAB3 REBOOT: peer 0x88ba incarnation 1189e305 -> ef4f4a85 (seq restarts at 3368085; NOT a replay)
ENET-LAB3 PASS: t=1788364866.449s peers=1/1 validated=2 beat=780 loss=1010428825 foreign=1052 self=436 reboots=601 legacy=0
ENET-LAB3 REBOOT: peer 0x88ba incarnation 1189e305 -> ef4f4a85 (seq restarts at 3368085; NOT a replay)
ENET-LAB3 PASS: t=1788364866.450s peers=1/1 validated=2 beat=781 loss=1013796909 foreign=1052 self=436 reboots=602 legacy=0
ENET-LAB3 REBOOT: peer 0x88ba incarnation ef4f4a85 -> 1189e305 (seq restarts at 356; NOT a replay)
ENET-LAB3 REBOOT: peer 0x88ba incarnation ef4f4a85 -> 1189e305 (seq restarts at 356; NOT a replay)
ENET-LAB3 PASS: t=1788364866.653s peers=1/1 validated=2 beat=782 loss=1013797264 foreign=1055 self=436 reboots=603 legacy=0
ENET-LAB3 REBOOT: peer 0x88ba incarnation 1189e305 -> ef4f4a85 (seq restarts at 3368086; NOT a replay)
ENET-LAB3 REBOOT: peer 0x88ba incarnation 1189e305 -> ef4f4a85 (seq restarts at 3368086; NOT a replay)
ENET-LAB3 PASS: t=1788364866.654s peers=1/1 validated=2 beat=783 loss=1017165349 foreign=1055 self=436 reboots=604 legacy=0
ENET-LAB3 PASS: t=1788364866.654s peers=1/1 validated=2 beat=298 loss=1017165349 foreign=1055 self=437 reboots=604 legacy=0
ENET-LAB3 REBOOT: peer 0x88ba incarnation ef4f4a85 -> 1189e305 (seq restarts at 357; NOT a replay)
ENET-LAB3 REBOOT: peer 0x88ba incarnation ef4f4a85 -> 1189e305 (seq restarts at 357; NOT a replay)
ENET-LAB3 PASS: t=1788364866.860s peers=1/1 validated=2 beat=784 loss=1017165705 foreign=1059 self=437 reboots=605 legacy=0
ENET-LAB3 REBOOT: peer 0x88ba incarnation 1189e305 -> ef4f4a85 (seq restarts at 3368087; NOT a replay)
ENET-LAB3 REBOOT: peer 0x88ba incarnation 1189e305 -> ef4f4a85 (seq restarts at 3368087; NOT a replay)
ENET-LAB3 PASS: t=1788364866.861s peers=1/1 validated=2 beat=785 loss=1020533791 foreign=1059 self=437 reboots=606 legacy=0
ENET-LAB3 PASS: t=1788364866.862s peers=1/1 validated=2 beat=299 loss=1020533791 foreign=1059 self=438 reboots=606 legacy=0
ENET-LAB3 REBOOT: peer 0x88ba incarnation ef4f4a85 -> 1189e305 (seq restarts at 358; NOT a replay)
ENET-LAB3 REBOOT: peer 0x88ba incarnation ef4f4a85 -> 1189e305 (seq restarts at 358; NOT a replay)
ENET-LAB3 REBOOT: peer 0x88ba incarnation 1189e305 -> ef4f4a85 (seq restarts at 3368088; NOT a replay)
ENET-LAB3 PASS: t=1788364867.065s peers=1/1 validated=2 beat=786 loss=1020534148 foreign=1059 self=439 reboots=607 legacy=0
ENET-LAB3 REBOOT: peer 0x88ba incarnation 1189e305 -> ef4f4a85 (seq restarts at 3368088; NOT a replay)
ENET-LAB3 PASS: t=1788364867.065s peers=1/1 validated=2 beat=787 loss=1023902235 foreign=1059 self=439 reboots=608 legacy=0
ENET-LAB3 PASS: t=1788364867.119s peers=1/1 validated=2 beat=300 loss=1023902235 foreign=1060 self=439 reboots=608 legacy=0
ENET-LAB3 REBOOT: peer 0x88ba incarnation ef4f4a85 -> 1189e305 (seq restarts at 359; NOT a replay)
ENET-LAB3 REBOOT: peer 0x88ba incarnation ef4f4a85 -> 1189e305 (seq restarts at 359; NOT a replay)
ENET-LAB3 PASS: t=1788364867.269s peers=1/1 validated=2 beat=788 loss=1023902593 foreign=1062 self=439 reboots=609 legacy=0
ENET-LAB3 REBOOT: peer 0x88ba incarnation 1189e305 -> ef4f4a85 (seq restarts at 3368089; NOT a replay)
ENET-LAB3 REBOOT: peer 0x88ba incarnation 1189e305 -> ef4f4a85 (seq restarts at 3368089; NOT a replay)
ENET-LAB3 PASS: t=1788364867.270s peers=1/1 validated=2 beat=789 loss=1027270681 foreign=1062 self=439 reboots=610 legacy=0
ENET-LAB3 PASS: t=1788364867.333s peers=1/1 validated=2 beat=301 loss=1027270681 foreign=1063 self=440 reboots=610 legacy=0
ENET-LAB3 REBOOT: peer 0x88ba incarnation ef4f4a85 -> 1189e305 (seq restarts at 360; NOT a replay)
ENET-LAB3 REBOOT: peer 0x88ba incarnation ef4f4a85 -> 1189e305 (seq restarts at 360; NOT a replay)
ENET-LAB3 REBOOT: peer 0x88ba incarnation 1189e305 -> ef4f4a85 (seq restarts at 3368090; NOT a replay)
ENET-LAB3 PASS: t=1788364867.476s peers=1/1 validated=2 beat=790 loss=1027271040 foreign=1063 self=440 reboots=611 legacy=0
ENET-LAB3 REBOOT: peer 0x88ba incarnation 1189e305 -> ef4f4a85 (seq restarts at 3368090; NOT a replay)
ENET-LAB3 PASS: t=1788364867.476s peers=1/1 validated=2 beat=791 loss=1030639129 foreign=1063 self=440 reboots=612 legacy=0
ENET-LAB3 PASS: t=1788364867.601s peers=1/1 validated=2 beat=302 loss=1030639129 foreign=1064 self=441 reboots=612 legacy=0
ENET-LAB3 REBOOT: peer 0x88ba incarnation ef4f4a85 -> 1189e305 (seq restarts at 361; NOT a replay)
ENET-LAB3 REBOOT: peer 0x88ba incarnation ef4f4a85 -> 1189e305 (seq restarts at 361; NOT a replay)
ENET-LAB3 REBOOT: peer 0x88ba incarnation 1189e305 -> ef4f4a85 (seq restarts at 3368091; NOT a replay)
ENET-LAB3 PASS: t=1788364867.683s peers=1/1 validated=2 beat=792 loss=1030639489 foreign=1065 self=441 reboots=613 legacy=0
ENET-LAB3 REBOOT: peer 0x88ba incarnation 1189e305 -> ef4f4a85 (seq restarts at 3368091; NOT a replay)
ENET-LAB3 PASS: t=1788364867.684s peers=1/1 validated=2 beat=793 loss=1034007579 foreign=1065 self=441 reboots=614 legacy=0
ENET-LAB3 PASS: t=1788364867.886s peers=1/1 validated=2 beat=303 loss=1034007579 foreign=1065 self=443 reboots=614 legacy=0
ENET-LAB3 REBOOT: peer 0x88ba incarnation ef4f4a85 -> 1189e305 (seq restarts at 362; NOT a replay)
ENET-LAB3 REBOOT: peer 0x88ba incarnation ef4f4a85 -> 1189e305 (seq restarts at 362; NOT a replay)
ENET-LAB3 REBOOT: peer 0x88ba incarnation 1189e305 -> ef4f4a85 (seq restarts at 3368092; NOT a replay)
ENET-LAB3 PASS: t=1788364867.888s peers=1/1 validated=2 beat=794 loss=1034007940 foreign=1065 self=443 reboots=615 legacy=0
ENET-LAB3 REBOOT: peer 0x88ba incarnation 1189e305 -> ef4f4a85 (seq restarts at 3368092; NOT a replay)
ENET-LAB3 PASS: t=1788364867.888s peers=1/1 validated=2 beat=795 loss=1037376031 foreign=1065 self=443 reboots=616 legacy=0
ENET-LAB3 PASS: t=1788364868.090s peers=1/1 validated=2 beat=304 loss=1037376031 foreign=1065 self=444 reboots=616 legacy=0
ENET-LAB3 PASS: t=1788364868.091s peers=1/1 validated=2 beat=796 loss=1037376031 foreign=1065 self=444 reboots=616 legacy=0
ENET-LAB3 REBOOT: peer 0x88ba incarnation ef4f4a85 -> 1189e305 (seq restarts at 363; NOT a replay)
ENET-LAB3 REBOOT: peer 0x88ba incarnation ef4f4a85 -> 1189e305 (seq restarts at 363; NOT a replay)
ENET-LAB3 PASS: t=1788364868.092s peers=1/1 validated=2 beat=797 loss=1037376393 foreign=1065 self=444 reboots=617 legacy=0
ENET-LAB3 REBOOT: peer 0x88ba incarnation 1189e305 -> ef4f4a85 (seq restarts at 3368094; NOT a replay)
ENET-LAB3 REBOOT: peer 0x88ba incarnation 1189e305 -> ef4f4a85 (seq restarts at 3368094; NOT a replay)
ENET-LAB3 PASS: t=1788364868.296s peers=1/1 validated=2 beat=798 loss=1040744486 foreign=1067 self=444 reboots=618 legacy=0
ENET-LAB3 REBOOT: peer 0x88ba incarnation ef4f4a85 -> 1189e305 (seq restarts at 364; NOT a replay)
ENET-LAB3 REBOOT: peer 0x88ba incarnation ef4f4a85 -> 1189e305 (seq restarts at 364; NOT a replay)
ENET-LAB3 PASS: t=1788364868.297s peers=1/1 validated=2 beat=799 loss=1040744849 foreign=1067 self=444 reboots=619 legacy=0
ENET-LAB3 PASS: t=1788364868.297s peers=1/1 validated=2 beat=305 loss=1040744849 foreign=1067 self=445 reboots=619 legacy=0
ENET-LAB3 PASS: t=1788364868.503s peers=1/1 validated=2 beat=800 loss=1040744849 foreign=1070 self=445 reboots=619 legacy=0
ENET-LAB3 REBOOT: peer 0x88ba incarnation 1189e305 -> ef4f4a85 (seq restarts at 3368095; NOT a replay)
ENET-LAB3 REBOOT: peer 0x88ba incarnation 1189e305 -> ef4f4a85 (seq restarts at 3368095; NOT a replay)
ENET-LAB3 PASS: t=1788364868.503s peers=1/1 validated=2 beat=801 loss=1044112943 foreign=1070 self=445 reboots=620 legacy=0
ENET-LAB3 PASS: t=1788364868.503s peers=1/1 validated=2 beat=306 loss=1044112943 foreign=1070 self=446 reboots=620 legacy=0
ENET-LAB3 REBOOT: peer 0x88ba incarnation ef4f4a85 -> 1189e305 (seq restarts at 366; NOT a replay)
ENET-LAB3 REBOOT: peer 0x88ba incarnation ef4f4a85 -> 1189e305 (seq restarts at 366; NOT a replay)
ENET-LAB3 PASS: t=1788364868.709s peers=1/1 validated=2 beat=802 loss=1044113308 foreign=1076 self=446 reboots=621 legacy=0
ENET-LAB3 REBOOT: peer 0x88ba incarnation 1189e305 -> ef4f4a85 (seq restarts at 3368096; NOT a replay)
ENET-LAB3 REBOOT: peer 0x88ba incarnation 1189e305 -> ef4f4a85 (seq restarts at 3368096; NOT a replay)
ENET-LAB3 PASS: t=1788364868.710s peers=1/1 validated=2 beat=803 loss=1047481403 foreign=1076 self=446 reboots=622 legacy=0
ENET-LAB3 PASS: t=1788364868.710s peers=1/1 validated=2 beat=307 loss=1047481403 foreign=1076 self=447 reboots=622 legacy=0
ENET-LAB3 REBOOT: peer 0x88ba incarnation ef4f4a85 -> 1189e305 (seq restarts at 367; NOT a replay)
ENET-LAB3 REBOOT: peer 0x88ba incarnation ef4f4a85 -> 1189e305 (seq restarts at 367; NOT a replay)
ENET-LAB3 PASS: t=1788364868.916s peers=1/1 validated=2 beat=804 loss=1047481769 foreign=1077 self=447 reboots=623 legacy=0
ENET-LAB3 REBOOT: peer 0x88ba incarnation 1189e305 -> ef4f4a85 (seq restarts at 3368097; NOT a replay)
ENET-LAB3 REBOOT: peer 0x88ba incarnation 1189e305 -> ef4f4a85 (seq restarts at 3368097; NOT a replay)
ENET-LAB3 PASS: t=1788364868.917s peers=1/1 validated=2 beat=805 loss=1050849865 foreign=1077 self=447 reboots=624 legacy=0
ENET-LAB3 PASS: t=1788364868.917s peers=1/1 validated=2 beat=308 loss=1050849865 foreign=1077 self=448 reboots=624 legacy=0
ENET-LAB3 REBOOT: peer 0x88ba incarnation ef4f4a85 -> 1189e305 (seq restarts at 368; NOT a replay)
ENET-LAB3 REBOOT: peer 0x88ba incarnation ef4f4a85 -> 1189e305 (seq restarts at 368; NOT a replay)
ENET-LAB3 PASS: t=1788364869.123s peers=1/1 validated=2 beat=806 loss=1050850232 foreign=1090 self=448 reboots=625 legacy=0
ENET-LAB3 REBOOT: peer 0x88ba incarnation 1189e305 -> ef4f4a85 (seq restarts at 3368098; NOT a replay)
ENET-LAB3 REBOOT: peer 0x88ba incarnation 1189e305 -> ef4f4a85 (seq restarts at 3368098; NOT a replay)
ENET-LAB3 PASS: t=1788364869.124s peers=1/1 validated=2 beat=807 loss=1054218329 foreign=1090 self=448 reboots=626 legacy=0
ENET-LAB3 PASS: t=1788364869.125s peers=1/1 validated=2 beat=309 loss=1054218329 foreign=1090 self=449 reboots=626 legacy=0
ENET-LAB3 PASS: t=1788364869.327s peers=1/1 validated=2 beat=808 loss=1054218329 foreign=1090 self=450 reboots=626 legacy=0
ENET-LAB3 REBOOT: peer 0x88ba incarnation ef4f4a85 -> 1189e305 (seq restarts at 369; NOT a replay)
ENET-LAB3 REBOOT: peer 0x88ba incarnation ef4f4a85 -> 1189e305 (seq restarts at 369; NOT a replay)
ENET-LAB3 PASS: t=1788364869.328s peers=1/1 validated=2 beat=809 loss=1054218697 foreign=1090 self=450 reboots=627 legacy=0
ENET-LAB3 PASS: t=1788364869.530s peers=1/1 validated=2 beat=310 loss=1054218697 foreign=1090 self=451 reboots=627 legacy=0
ENET-LAB3 PASS: t=1788364869.531s peers=1/1 validated=2 beat=810 loss=1054218697 foreign=1090 self=451 reboots=627 legacy=0
ENET-LAB3 REBOOT: peer 0x88ba incarnation 1189e305 -> ef4f4a85 (seq restarts at 3368100; NOT a replay)
ENET-LAB3 REBOOT: peer 0x88ba incarnation 1189e305 -> ef4f4a85 (seq restarts at 3368100; NOT a replay)
ENET-LAB3 PASS: t=1788364869.531s peers=1/1 validated=2 beat=811 loss=1057586796 foreign=1090 self=451 reboots=628 legacy=0
ENET-LAB3 REBOOT: peer 0x88ba incarnation ef4f4a85 -> 1189e305 (seq restarts at 371; NOT a replay)
ENET-LAB3 REBOOT: peer 0x88ba incarnation ef4f4a85 -> 1189e305 (seq restarts at 371; NOT a replay)
ENET-LAB3 PASS: t=1788364869.736s peers=1/1 validated=2 beat=812 loss=1057587166 foreign=1091 self=451 reboots=629 legacy=0
ENET-LAB3 REBOOT: peer 0x88ba incarnation 1189e305 -> ef4f4a85 (seq restarts at 3368101; NOT a replay)
ENET-LAB3 REBOOT: peer 0x88ba incarnation 1189e305 -> ef4f4a85 (seq restarts at 3368101; NOT a replay)
ENET-LAB3 PASS: t=1788364869.737s peers=1/1 validated=2 beat=311 loss=1060955266 foreign=1091 self=452 reboots=630 legacy=0
ENET-LAB3 PASS: t=1788364869.737s peers=1/1 validated=2 beat=813 loss=1060955266 foreign=1091 self=451 reboots=630 legacy=0
ENET-LAB3 REBOOT: peer 0x88ba incarnation ef4f4a85 -> 1189e305 (seq restarts at 372; NOT a replay)
ENET-LAB3 REBOOT: peer 0x88ba incarnation ef4f4a85 -> 1189e305 (seq restarts at 372; NOT a replay)
ENET-LAB3 PASS: t=1788364869.943s peers=1/1 validated=2 beat=814 loss=1060955637 foreign=1092 self=452 reboots=631 legacy=0
ENET-LAB3 REBOOT: peer 0x88ba incarnation 1189e305 -> ef4f4a85 (seq restarts at 3368102; NOT a replay)
ENET-LAB3 PASS: t=1788364869.944s peers=1/1 validated=2 beat=815 loss=1064323738 foreign=1092 self=452 reboots=632 legacy=0
ENET-LAB3 REBOOT: peer 0x88ba incarnation 1189e305 -> ef4f4a85 (seq restarts at 3368102; NOT a replay)
ENET-LAB3 PASS: t=1788364869.944s peers=1/1 validated=2 beat=312 loss=1064323738 foreign=1092 self=453 reboots=632 legacy=0
ENET-LAB3 REBOOT: peer 0x88ba incarnation ef4f4a85 -> 1189e305 (seq restarts at 373; NOT a replay)
ENET-LAB3 REBOOT: peer 0x88ba incarnation ef4f4a85 -> 1189e305 (seq restarts at 373; NOT a replay)
ENET-LAB3 PASS: t=1788364870.148s peers=1/1 validated=2 beat=816 loss=1064324110 foreign=1092 self=454 reboots=633 legacy=0
ENET-LAB3 REBOOT: peer 0x88ba incarnation 1189e305 -> ef4f4a85 (seq restarts at 3368103; NOT a replay)
ENET-LAB3 REBOOT: peer 0x88ba incarnation 1189e305 -> ef4f4a85 (seq restarts at 3368103; NOT a replay)
ENET-LAB3 PASS: t=1788364870.149s peers=1/1 validated=2 beat=817 loss=1067692212 foreign=1092 self=454 reboots=634 legacy=0
ENET-LAB3 PASS: t=1788364870.287s peers=1/1 validated=2 beat=313 loss=1067692212 foreign=1093 self=454 reboots=634 legacy=0
ENET-LAB3 REBOOT: peer 0x88ba incarnation ef4f4a85 -> 1189e305 (seq restarts at 374; NOT a replay)
ENET-LAB3 REBOOT: peer 0x88ba incarnation ef4f4a85 -> 1189e305 (seq restarts at 374; NOT a replay)
ENET-LAB3 PASS: t=1788364870.352s peers=1/1 validated=2 beat=818 loss=1067692585 foreign=1093 self=454 reboots=635 legacy=0
ENET-LAB3 REBOOT: peer 0x88ba incarnation 1189e305 -> ef4f4a85 (seq restarts at 3368104; NOT a replay)
ENET-LAB3 REBOOT: peer 0x88ba incarnation 1189e305 -> ef4f4a85 (seq restarts at 3368104; NOT a replay)
ENET-LAB3 PASS: t=1788364870.353s peers=1/1 validated=2 beat=819 loss=1071060688 foreign=1093 self=454 reboots=636 legacy=0
ENET-LAB3 PASS: t=1788364870.555s peers=1/1 validated=2 beat=314 loss=1071060688 foreign=1093 self=456 reboots=636 legacy=0
ENET-LAB3 REBOOT: peer 0x88ba incarnation ef4f4a85 -> 1189e305 (seq restarts at 375; NOT a replay)
ENET-LAB3 REBOOT: peer 0x88ba incarnation ef4f4a85 -> 1189e305 (seq restarts at 375; NOT a replay)
ENET-LAB3 REBOOT: peer 0x88ba incarnation 1189e305 -> ef4f4a85 (seq restarts at 3368105; NOT a replay)
ENET-LAB3 PASS: t=1788364870.557s peers=1/1 validated=2 beat=820 loss=1071061062 foreign=1093 self=456 reboots=637 legacy=0
ENET-LAB3 REBOOT: peer 0x88ba incarnation 1189e305 -> ef4f4a85 (seq restarts at 3368105; NOT a replay)
ENET-LAB3 PASS: t=1788364870.558s peers=1/1 validated=2 beat=821 loss=1074429166 foreign=1093 self=456 reboots=638 legacy=0
